nohup: ignoring input
初始化完成: 10x20x10 CRU网格
细分网格: 50x100x50 (250000 体素)
优化策略: CUDA Graph + Fused Reaction + 3D Native Diffusion
未找到预训练模型，将从头开始初始化模型...
Using cuda device
开始多脉冲刺激训练 (Multi-Pulse Stimulation Training)...
Logging to ./logs_multihalfsin/SAC_multihalfsin_run1_16
---------------------------------
| rollout/           |          |
|    ep_len_mean     | 1        |
|    ep_rew_mean     | 14       |
| time/              |          |
|    episodes        | 4        |
|    fps             | 0        |
|    time_elapsed    | 79       |
|    total_timesteps | 4        |
---------------------------------
---------------------------------
| rollout/           |          |
|    ep_len_mean     | 1        |
|    ep_rew_mean     | 24.3     |
| time/              |          |
|    episodes        | 8        |
|    fps             | 0        |
|    time_elapsed    | 158      |
|    total_timesteps | 8        |
---------------------------------
---------------------------------
| rollout/           |          |
|    ep_len_mean     | 1        |
|    ep_rew_mean     | 25.5     |
| time/              |          |
|    episodes        | 12       |
|    fps             | 0        |
|    time_elapsed    | 233      |
|    total_timesteps | 12       |
---------------------------------
---------------------------------
| rollout/           |          |
|    ep_len_mean     | 1        |
|    ep_rew_mean     | 31       |
| time/              |          |
|    episodes        | 16       |
|    fps             | 0        |
|    time_elapsed    | 289      |
|    total_timesteps | 16       |
---------------------------------
---------------------------------
| rollout/           |          |
|    ep_len_mean     | 1        |
|    ep_rew_mean     | 42.1     |
| time/              |          |
|    episodes        | 20       |
|    fps             | 0        |
|    time_elapsed    | 339      |
|    total_timesteps | 20       |
---------------------------------
---------------------------------
| rollout/           |          |
|    ep_len_mean     | 1        |
|    ep_rew_mean     | 52.1     |
| time/              |          |
|    episodes        | 24       |
|    fps             | 0        |
|    time_elapsed    | 388      |
|    total_timesteps | 24       |
---------------------------------
---------------------------------
| rollout/           |          |
|    ep_len_mean     | 1        |
|    ep_rew_mean     | 48       |
| time/              |          |
|    episodes        | 28       |
|    fps             | 0        |
|    time_elapsed    | 440      |
|    total_timesteps | 28       |
---------------------------------
---------------------------------
| rollout/           |          |
|    ep_len_mean     | 1        |
|    ep_rew_mean     | 46       |
| time/              |          |
|    episodes        | 32       |
|    fps             | 0        |
|    time_elapsed    | 493      |
|    total_timesteps | 32       |
---------------------------------
---------------------------------
| rollout/           |          |
|    ep_len_mean     | 1        |
|    ep_rew_mean     | 52.2     |
| time/              |          |
|    episodes        | 36       |
|    fps             | 0        |
|    time_elapsed    | 541      |
|    total_timesteps | 36       |
---------------------------------
---------------------------------
| rollout/           |          |
|    ep_len_mean     | 1        |
|    ep_rew_mean     | 56.9     |
| time/              |          |
|    episodes        | 40       |
|    fps             | 0        |
|    time_elapsed    | 593      |
|    total_timesteps | 40       |
---------------------------------
---------------------------------
| rollout/           |          |
|    ep_len_mean     | 1        |
|    ep_rew_mean     | 59.2     |
| time/              |          |
|    episodes        | 44       |
|    fps             | 0        |
|    time_elapsed    | 647      |
|    total_timesteps | 44       |
---------------------------------
---------------------------------
| rollout/           |          |
|    ep_len_mean     | 1        |
|    ep_rew_mean     | 62.2     |
| time/              |          |
|    episodes        | 48       |
|    fps             | 0        |
|    time_elapsed    | 677      |
|    total_timesteps | 48       |
---------------------------------
---------------------------------
| rollout/           |          |
|    ep_len_mean     | 1        |
|    ep_rew_mean     | 59.5     |
| time/              |          |
|    episodes        | 52       |
|    fps             | 0        |
|    time_elapsed    | 749      |
|    total_timesteps | 52       |
---------------------------------
---------------------------------
| rollout/           |          |
|    ep_len_mean     | 1        |
|    ep_rew_mean     | 58.1     |
| time/              |          |
|    episodes        | 56       |
|    fps             | 0        |
|    time_elapsed    | 830      |
|    total_timesteps | 56       |
---------------------------------
---------------------------------
| rollout/           |          |
|    ep_len_mean     | 1        |
|    ep_rew_mean     | 60.2     |
| time/              |          |
|    episodes        | 60       |
|    fps             | 0        |
|    time_elapsed    | 859      |
|    total_timesteps | 60       |
---------------------------------
---------------------------------
| rollout/           |          |
|    ep_len_mean     | 1        |
|    ep_rew_mean     | 61.3     |
| time/              |          |
|    episodes        | 64       |
|    fps             | 0        |
|    time_elapsed    | 887      |
|    total_timesteps | 64       |
---------------------------------
---------------------------------
| rollout/           |          |
|    ep_len_mean     | 1        |
|    ep_rew_mean     | 61.2     |
| time/              |          |
|    episodes        | 68       |
|    fps             | 0        |
|    time_elapsed    | 957      |
|    total_timesteps | 68       |
---------------------------------
---------------------------------
| rollout/           |          |
|    ep_len_mean     | 1        |
|    ep_rew_mean     | 60       |
| time/              |          |
|    episodes        | 72       |
|    fps             | 0        |
|    time_elapsed    | 1035     |
|    total_timesteps | 72       |
---------------------------------
---------------------------------
| rollout/           |          |
|    ep_len_mean     | 1        |
|    ep_rew_mean     | 58.3     |
| time/              |          |
|    episodes        | 76       |
|    fps             | 0        |
|    time_elapsed    | 1093     |
|    total_timesteps | 76       |
---------------------------------
---------------------------------
| rollout/           |          |
|    ep_len_mean     | 1        |
|    ep_rew_mean     | 55.6     |
| time/              |          |
|    episodes        | 80       |
|    fps             | 0        |
|    time_elapsed    | 1172     |
|    total_timesteps | 80       |
---------------------------------
---------------------------------
| rollout/           |          |
|    ep_len_mean     | 1        |
|    ep_rew_mean     | 55.5     |
| time/              |          |
|    episodes        | 84       |
|    fps             | 0        |
|    time_elapsed    | 1202     |
|    total_timesteps | 84       |
---------------------------------
---------------------------------
| rollout/           |          |
|    ep_len_mean     | 1        |
|    ep_rew_mean     | 52.4     |
| time/              |          |
|    episodes        | 88       |
|    fps             | 0        |
|    time_elapsed    | 1301     |
|    total_timesteps | 88       |
---------------------------------
---------------------------------
| rollout/           |          |
|    ep_len_mean     | 1        |
|    ep_rew_mean     | 54.3     |
| time/              |          |
|    episodes        | 92       |
|    fps             | 0        |
|    time_elapsed    | 1332     |
|    total_timesteps | 92       |
---------------------------------
---------------------------------
| rollout/           |          |
|    ep_len_mean     | 1        |
|    ep_rew_mean     | 53.8     |
| time/              |          |
|    episodes        | 96       |
|    fps             | 0        |
|    time_elapsed    | 1387     |
|    total_timesteps | 96       |
---------------------------------
---------------------------------
| rollout/           |          |
|    ep_len_mean     | 1        |
|    ep_rew_mean     | 53.4     |
| time/              |          |
|    episodes        | 100      |
|    fps             | 0        |
|    time_elapsed    | 1443     |
|    total_timesteps | 100      |
---------------------------------
---------------------------------
| rollout/           |          |
|    ep_len_mean     | 1        |
|    ep_rew_mean     | 51.1     |
| time/              |          |
|    episodes        | 104      |
|    fps             | 0        |
|    time_elapsed    | 1477     |
|    total_timesteps | 104      |
| train/             |          |
|    actor_loss      | -3.35    |
|    critic_loss     | 0.938    |
|    ent_coef        | 0.993    |
|    ent_coef_loss   | -0.0446  |
|    learning_rate   | 0.0007   |
|    n_updates       | 12       |
---------------------------------
---------------------------------
| rollout/           |          |
|    ep_len_mean     | 1        |
|    ep_rew_mean     | 49.9     |
| time/              |          |
|    episodes        | 108      |
|    fps             | 0        |
|    time_elapsed    | 1554     |
|    total_timesteps | 108      |
| train/             |          |
|    actor_loss      | -3.22    |
|    critic_loss     | 0.665    |
|    ent_coef        | 0.982    |
|    ent_coef_loss   | -0.118   |
|    learning_rate   | 0.0007   |
|    n_updates       | 28       |
---------------------------------
---------------------------------
| rollout/           |          |
|    ep_len_mean     | 1        |
|    ep_rew_mean     | 49.2     |
| time/              |          |
|    episodes        | 112      |
|    fps             | 0        |
|    time_elapsed    | 1633     |
|    total_timesteps | 112      |
| train/             |          |
|    actor_loss      | -3.19    |
|    critic_loss     | 0.51     |
|    ent_coef        | 0.971    |
|    ent_coef_loss   | -0.192   |
|    learning_rate   | 0.0007   |
|    n_updates       | 44       |
---------------------------------
---------------------------------
| rollout/           |          |
|    ep_len_mean     | 1        |
|    ep_rew_mean     | 53.5     |
| time/              |          |
|    episodes        | 116      |
|    fps             | 0        |
|    time_elapsed    | 1653     |
|    total_timesteps | 116      |
| train/             |          |
|    actor_loss      | -3.28    |
|    critic_loss     | 0.351    |
|    ent_coef        | 0.961    |
|    ent_coef_loss   | -0.264   |
|    learning_rate   | 0.0007   |
|    n_updates       | 60       |
---------------------------------
---------------------------------
| rollout/           |          |
|    ep_len_mean     | 1        |
|    ep_rew_mean     | 52.2     |
| time/              |          |
|    episodes        | 120      |
|    fps             | 0        |
|    time_elapsed    | 1726     |
|    total_timesteps | 120      |
| train/             |          |
|    actor_loss      | -3.11    |
|    critic_loss     | 0.217    |
|    ent_coef        | 0.95     |
|    ent_coef_loss   | -0.338   |
|    learning_rate   | 0.0007   |
|    n_updates       | 76       |
---------------------------------
---------------------------------
| rollout/           |          |
|    ep_len_mean     | 1        |
|    ep_rew_mean     | 50.2     |
| time/              |          |
|    episodes        | 124      |
|    fps             | 0        |
|    time_elapsed    | 1783     |
|    total_timesteps | 124      |
| train/             |          |
|    actor_loss      | -3.18    |
|    critic_loss     | 0.172    |
|    ent_coef        | 0.939    |
|    ent_coef_loss   | -0.408   |
|    learning_rate   | 0.0007   |
|    n_updates       | 92       |
---------------------------------
---------------------------------
| rollout/           |          |
|    ep_len_mean     | 1        |
|    ep_rew_mean     | 52.1     |
| time/              |          |
|    episodes        | 128      |
|    fps             | 0        |
|    time_elapsed    | 1834     |
|    total_timesteps | 128      |
| train/             |          |
|    actor_loss      | -3.11    |
|    critic_loss     | 0.148    |
|    ent_coef        | 0.929    |
|    ent_coef_loss   | -0.479   |
|    learning_rate   | 0.0007   |
|    n_updates       | 108      |
---------------------------------
---------------------------------
| rollout/           |          |
|    ep_len_mean     | 1        |
|    ep_rew_mean     | 55.1     |
| time/              |          |
|    episodes        | 132      |
|    fps             | 0        |
|    time_elapsed    | 1879     |
|    total_timesteps | 132      |
| train/             |          |
|    actor_loss      | -3.11    |
|    critic_loss     | 0.154    |
|    ent_coef        | 0.919    |
|    ent_coef_loss   | -0.558   |
|    learning_rate   | 0.0007   |
|    n_updates       | 124      |
---------------------------------
---------------------------------
| rollout/           |          |
|    ep_len_mean     | 1        |
|    ep_rew_mean     | 54.9     |
| time/              |          |
|    episodes        | 136      |
|    fps             | 0        |
|    time_elapsed    | 1926     |
|    total_timesteps | 136      |
| train/             |          |
|    actor_loss      | -3.13    |
|    critic_loss     | 0.152    |
|    ent_coef        | 0.909    |
|    ent_coef_loss   | -0.627   |
|    learning_rate   | 0.0007   |
|    n_updates       | 140      |
---------------------------------
---------------------------------
| rollout/           |          |
|    ep_len_mean     | 1        |
|    ep_rew_mean     | 51.4     |
| time/              |          |
|    episodes        | 140      |
|    fps             | 0        |
|    time_elapsed    | 1980     |
|    total_timesteps | 140      |
| train/             |          |
|    actor_loss      | -3.14    |
|    critic_loss     | 0.136    |
|    ent_coef        | 0.899    |
|    ent_coef_loss   | -0.699   |
|    learning_rate   | 0.0007   |
|    n_updates       | 156      |
---------------------------------
---------------------------------
| rollout/           |          |
|    ep_len_mean     | 1        |
|    ep_rew_mean     | 52.1     |
| time/              |          |
|    episodes        | 144      |
|    fps             | 0        |
|    time_elapsed    | 2024     |
|    total_timesteps | 144      |
| train/             |          |
|    actor_loss      | -3.01    |
|    critic_loss     | 0.109    |
|    ent_coef        | 0.889    |
|    ent_coef_loss   | -0.769   |
|    learning_rate   | 0.0007   |
|    n_updates       | 172      |
---------------------------------
---------------------------------
| rollout/           |          |
|    ep_len_mean     | 1        |
|    ep_rew_mean     | 47.9     |
| time/              |          |
|    episodes        | 148      |
|    fps             | 0        |
|    time_elapsed    | 2103     |
|    total_timesteps | 148      |
| train/             |          |
|    actor_loss      | -3.02    |
|    critic_loss     | 0.104    |
|    ent_coef        | 0.879    |
|    ent_coef_loss   | -0.846   |
|    learning_rate   | 0.0007   |
|    n_updates       | 188      |
---------------------------------
---------------------------------
| rollout/           |          |
|    ep_len_mean     | 1        |
|    ep_rew_mean     | 49.2     |
| time/              |          |
|    episodes        | 152      |
|    fps             | 0        |
|    time_elapsed    | 2154     |
|    total_timesteps | 152      |
| train/             |          |
|    actor_loss      | -3.03    |
|    critic_loss     | 0.0897   |
|    ent_coef        | 0.869    |
|    ent_coef_loss   | -0.911   |
|    learning_rate   | 0.0007   |
|    n_updates       | 204      |
---------------------------------
---------------------------------
| rollout/           |          |
|    ep_len_mean     | 1        |
|    ep_rew_mean     | 52       |
| time/              |          |
|    episodes        | 156      |
|    fps             | 0        |
|    time_elapsed    | 2187     |
|    total_timesteps | 156      |
| train/             |          |
|    actor_loss      | -3.05    |
|    critic_loss     | 0.101    |
|    ent_coef        | 0.859    |
|    ent_coef_loss   | -0.979   |
|    learning_rate   | 0.0007   |
|    n_updates       | 220      |
---------------------------------
---------------------------------
| rollout/           |          |
|    ep_len_mean     | 1        |
|    ep_rew_mean     | 54.3     |
| time/              |          |
|    episodes        | 160      |
|    fps             | 0        |
|    time_elapsed    | 2206     |
|    total_timesteps | 160      |
| train/             |          |
|    actor_loss      | -2.97    |
|    critic_loss     | 0.0913   |
|    ent_coef        | 0.85     |
|    ent_coef_loss   | -1.05    |
|    learning_rate   | 0.0007   |
|    n_updates       | 236      |
---------------------------------
---------------------------------
| rollout/           |          |
|    ep_len_mean     | 1        |
|    ep_rew_mean     | 52.5     |
| time/              |          |
|    episodes        | 164      |
|    fps             | 0        |
|    time_elapsed    | 2257     |
|    total_timesteps | 164      |
| train/             |          |
|    actor_loss      | -2.96    |
|    critic_loss     | 0.0758   |
|    ent_coef        | 0.841    |
|    ent_coef_loss   | -1.12    |
|    learning_rate   | 0.0007   |
|    n_updates       | 252      |
---------------------------------
---------------------------------
| rollout/           |          |
|    ep_len_mean     | 1        |
|    ep_rew_mean     | 49.8     |
| time/              |          |
|    episodes        | 168      |
|    fps             | 0        |
|    time_elapsed    | 2337     |
|    total_timesteps | 168      |
| train/             |          |
|    actor_loss      | -2.86    |
|    critic_loss     | 0.0713   |
|    ent_coef        | 0.831    |
|    ent_coef_loss   | -1.19    |
|    learning_rate   | 0.0007   |
|    n_updates       | 268      |
---------------------------------
---------------------------------
| rollout/           |          |
|    ep_len_mean     | 1        |
|    ep_rew_mean     | 49.4     |
| time/              |          |
|    episodes        | 172      |
|    fps             | 0        |
|    time_elapsed    | 2374     |
|    total_timesteps | 172      |
| train/             |          |
|    actor_loss      | -2.88    |
|    critic_loss     | 0.0672   |
|    ent_coef        | 0.822    |
|    ent_coef_loss   | -1.28    |
|    learning_rate   | 0.0007   |
|    n_updates       | 284      |
---------------------------------
---------------------------------
| rollout/           |          |
|    ep_len_mean     | 1        |
|    ep_rew_mean     | 51.7     |
| time/              |          |
|    episodes        | 176      |
|    fps             | 0        |
|    time_elapsed    | 2422     |
|    total_timesteps | 176      |
| train/             |          |
|    actor_loss      | -2.89    |
|    critic_loss     | 0.0677   |
|    ent_coef        | 0.813    |
|    ent_coef_loss   | -1.34    |
|    learning_rate   | 0.0007   |
|    n_updates       | 300      |
---------------------------------
---------------------------------
| rollout/           |          |
|    ep_len_mean     | 1        |
|    ep_rew_mean     | 53       |
| time/              |          |
|    episodes        | 180      |
|    fps             | 0        |
|    time_elapsed    | 2499     |
|    total_timesteps | 180      |
| train/             |          |
|    actor_loss      | -2.87    |
|    critic_loss     | 0.0595   |
|    ent_coef        | 0.804    |
|    ent_coef_loss   | -1.41    |
|    learning_rate   | 0.0007   |
|    n_updates       | 316      |
---------------------------------
---------------------------------
| rollout/           |          |
|    ep_len_mean     | 1        |
|    ep_rew_mean     | 54.6     |
| time/              |          |
|    episodes        | 184      |
|    fps             | 0        |
|    time_elapsed    | 2545     |
|    total_timesteps | 184      |
| train/             |          |
|    actor_loss      | -2.85    |
|    critic_loss     | 0.0593   |
|    ent_coef        | 0.795    |
|    ent_coef_loss   | -1.49    |
|    learning_rate   | 0.0007   |
|    n_updates       | 332      |
---------------------------------
---------------------------------
| rollout/           |          |
|    ep_len_mean     | 1        |
|    ep_rew_mean     | 60.6     |
| time/              |          |
|    episodes        | 188      |
|    fps             | 0        |
|    time_elapsed    | 2570     |
|    total_timesteps | 188      |
| train/             |          |
|    actor_loss      | -2.82    |
|    critic_loss     | 0.0462   |
|    ent_coef        | 0.786    |
|    ent_coef_loss   | -1.55    |
|    learning_rate   | 0.0007   |
|    n_updates       | 348      |
---------------------------------
---------------------------------
| rollout/           |          |
|    ep_len_mean     | 1        |
|    ep_rew_mean     | 60.6     |
| time/              |          |
|    episodes        | 192      |
|    fps             | 0        |
|    time_elapsed    | 2600     |
|    total_timesteps | 192      |
| train/             |          |
|    actor_loss      | -2.82    |
|    critic_loss     | 0.0542   |
|    ent_coef        | 0.778    |
|    ent_coef_loss   | -1.63    |
|    learning_rate   | 0.0007   |
|    n_updates       | 364      |
---------------------------------
---------------------------------
| rollout/           |          |
|    ep_len_mean     | 1        |
|    ep_rew_mean     | 63.3     |
| time/              |          |
|    episodes        | 196      |
|    fps             | 0        |
|    time_elapsed    | 2646     |
|    total_timesteps | 196      |
| train/             |          |
|    actor_loss      | -2.8     |
|    critic_loss     | 0.0431   |
|    ent_coef        | 0.769    |
|    ent_coef_loss   | -1.7     |
|    learning_rate   | 0.0007   |
|    n_updates       | 380      |
---------------------------------
---------------------------------
| rollout/           |          |
|    ep_len_mean     | 1        |
|    ep_rew_mean     | 64.3     |
| time/              |          |
|    episodes        | 200      |
|    fps             | 0        |
|    time_elapsed    | 2698     |
|    total_timesteps | 200      |
| train/             |          |
|    actor_loss      | -2.77    |
|    critic_loss     | 0.0412   |
|    ent_coef        | 0.761    |
|    ent_coef_loss   | -1.75    |
|    learning_rate   | 0.0007   |
|    n_updates       | 396      |
---------------------------------
---------------------------------
| rollout/           |          |
|    ep_len_mean     | 1        |
|    ep_rew_mean     | 72.8     |
| time/              |          |
|    episodes        | 204      |
|    fps             | 0        |
|    time_elapsed    | 2717     |
|    total_timesteps | 204      |
| train/             |          |
|    actor_loss      | -2.78    |
|    critic_loss     | 0.0397   |
|    ent_coef        | 0.752    |
|    ent_coef_loss   | -1.85    |
|    learning_rate   | 0.0007   |
|    n_updates       | 412      |
---------------------------------
---------------------------------
| rollout/           |          |
|    ep_len_mean     | 1        |
|    ep_rew_mean     | 74.9     |
| time/              |          |
|    episodes        | 208      |
|    fps             | 0        |
|    time_elapsed    | 2789     |
|    total_timesteps | 208      |
| train/             |          |
|    actor_loss      | -2.65    |
|    critic_loss     | 0.0396   |
|    ent_coef        | 0.744    |
|    ent_coef_loss   | -1.91    |
|    learning_rate   | 0.0007   |
|    n_updates       | 428      |
---------------------------------
---------------------------------
| rollout/           |          |
|    ep_len_mean     | 1        |
|    ep_rew_mean     | 75.8     |
| time/              |          |
|    episodes        | 212      |
|    fps             | 0        |
|    time_elapsed    | 2817     |
|    total_timesteps | 212      |
| train/             |          |
|    actor_loss      | -2.64    |
|    critic_loss     | 0.0319   |
|    ent_coef        | 0.736    |
|    ent_coef_loss   | -1.98    |
|    learning_rate   | 0.0007   |
|    n_updates       | 444      |
---------------------------------
---------------------------------
| rollout/           |          |
|    ep_len_mean     | 1        |
|    ep_rew_mean     | 74.7     |
| time/              |          |
|    episodes        | 216      |
|    fps             | 0        |
|    time_elapsed    | 2834     |
|    total_timesteps | 216      |
| train/             |          |
|    actor_loss      | -2.67    |
|    critic_loss     | 0.0379   |
|    ent_coef        | 0.728    |
|    ent_coef_loss   | -2.04    |
|    learning_rate   | 0.0007   |
|    n_updates       | 460      |
---------------------------------
---------------------------------
| rollout/           |          |
|    ep_len_mean     | 1        |
|    ep_rew_mean     | 77.8     |
| time/              |          |
|    episodes        | 220      |
|    fps             | 0        |
|    time_elapsed    | 2853     |
|    total_timesteps | 220      |
| train/             |          |
|    actor_loss      | -2.63    |
|    critic_loss     | 0.0345   |
|    ent_coef        | 0.72     |
|    ent_coef_loss   | -2.13    |
|    learning_rate   | 0.0007   |
|    n_updates       | 476      |
---------------------------------
---------------------------------
| rollout/           |          |
|    ep_len_mean     | 1        |
|    ep_rew_mean     | 82       |
| time/              |          |
|    episodes        | 224      |
|    fps             | 0        |
|    time_elapsed    | 2871     |
|    total_timesteps | 224      |
| train/             |          |
|    actor_loss      | -2.58    |
|    critic_loss     | 0.0288   |
|    ent_coef        | 0.712    |
|    ent_coef_loss   | -2.17    |
|    learning_rate   | 0.0007   |
|    n_updates       | 492      |
---------------------------------
---------------------------------
| rollout/           |          |
|    ep_len_mean     | 1        |
|    ep_rew_mean     | 83.8     |
| time/              |          |
|    episodes        | 228      |
|    fps             | 0        |
|    time_elapsed    | 2891     |
|    total_timesteps | 228      |
| train/             |          |
|    actor_loss      | -2.58    |
|    critic_loss     | 0.0263   |
|    ent_coef        | 0.704    |
|    ent_coef_loss   | -2.24    |
|    learning_rate   | 0.0007   |
|    n_updates       | 508      |
---------------------------------
---------------------------------
| rollout/           |          |
|    ep_len_mean     | 1        |
|    ep_rew_mean     | 82.4     |
| time/              |          |
|    episodes        | 232      |
|    fps             | 0        |
|    time_elapsed    | 2940     |
|    total_timesteps | 232      |
| train/             |          |
|    actor_loss      | -2.58    |
|    critic_loss     | 0.0306   |
|    ent_coef        | 0.696    |
|    ent_coef_loss   | -2.35    |
|    learning_rate   | 0.0007   |
|    n_updates       | 524      |
---------------------------------
---------------------------------
| rollout/           |          |
|    ep_len_mean     | 1        |
|    ep_rew_mean     | 78.1     |
| time/              |          |
|    episodes        | 236      |
|    fps             | 0        |
|    time_elapsed    | 3018     |
|    total_timesteps | 236      |
| train/             |          |
|    actor_loss      | -2.57    |
|    critic_loss     | 0.0244   |
|    ent_coef        | 0.688    |
|    ent_coef_loss   | -2.4     |
|    learning_rate   | 0.0007   |
|    n_updates       | 540      |
---------------------------------
---------------------------------
| rollout/           |          |
|    ep_len_mean     | 1        |
|    ep_rew_mean     | 80.4     |
| time/              |          |
|    episodes        | 240      |
|    fps             | 0        |
|    time_elapsed    | 3073     |
|    total_timesteps | 240      |
| train/             |          |
|    actor_loss      | -2.54    |
|    critic_loss     | 0.024    |
|    ent_coef        | 0.681    |
|    ent_coef_loss   | -2.45    |
|    learning_rate   | 0.0007   |
|    n_updates       | 556      |
---------------------------------
---------------------------------
| rollout/           |          |
|    ep_len_mean     | 1        |
|    ep_rew_mean     | 80.9     |
| time/              |          |
|    episodes        | 244      |
|    fps             | 0        |
|    time_elapsed    | 3117     |
|    total_timesteps | 244      |
| train/             |          |
|    actor_loss      | -2.58    |
|    critic_loss     | 0.026    |
|    ent_coef        | 0.673    |
|    ent_coef_loss   | -2.54    |
|    learning_rate   | 0.0007   |
|    n_updates       | 572      |
---------------------------------
---------------------------------
| rollout/           |          |
|    ep_len_mean     | 1        |
|    ep_rew_mean     | 84.3     |
| time/              |          |
|    episodes        | 248      |
|    fps             | 0        |
|    time_elapsed    | 3166     |
|    total_timesteps | 248      |
| train/             |          |
|    actor_loss      | -2.52    |
|    critic_loss     | 0.0202   |
|    ent_coef        | 0.666    |
|    ent_coef_loss   | -2.61    |
|    learning_rate   | 0.0007   |
|    n_updates       | 588      |
---------------------------------
---------------------------------
| rollout/           |          |
|    ep_len_mean     | 1        |
|    ep_rew_mean     | 84.2     |
| time/              |          |
|    episodes        | 252      |
|    fps             | 0        |
|    time_elapsed    | 3225     |
|    total_timesteps | 252      |
| train/             |          |
|    actor_loss      | -2.49    |
|    critic_loss     | 0.0242   |
|    ent_coef        | 0.659    |
|    ent_coef_loss   | -2.68    |
|    learning_rate   | 0.0007   |
|    n_updates       | 604      |
---------------------------------
---------------------------------
| rollout/           |          |
|    ep_len_mean     | 1        |
|    ep_rew_mean     | 84.1     |
| time/              |          |
|    episodes        | 256      |
|    fps             | 0        |
|    time_elapsed    | 3280     |
|    total_timesteps | 256      |
| train/             |          |
|    actor_loss      | -2.49    |
|    critic_loss     | 0.0348   |
|    ent_coef        | 0.651    |
|    ent_coef_loss   | -2.74    |
|    learning_rate   | 0.0007   |
|    n_updates       | 620      |
---------------------------------
---------------------------------
| rollout/           |          |
|    ep_len_mean     | 1        |
|    ep_rew_mean     | 83.2     |
| time/              |          |
|    episodes        | 260      |
|    fps             | 0        |
|    time_elapsed    | 3310     |
|    total_timesteps | 260      |
| train/             |          |
|    actor_loss      | -2.46    |
|    critic_loss     | 0.034    |
|    ent_coef        | 0.644    |
|    ent_coef_loss   | -2.84    |
|    learning_rate   | 0.0007   |
|    n_updates       | 636      |
---------------------------------
---------------------------------
| rollout/           |          |
|    ep_len_mean     | 1        |
|    ep_rew_mean     | 85.1     |
| time/              |          |
|    episodes        | 264      |
|    fps             | 0        |
|    time_elapsed    | 3343     |
|    total_timesteps | 264      |
| train/             |          |
|    actor_loss      | -2.45    |
|    critic_loss     | 0.0273   |
|    ent_coef        | 0.637    |
|    ent_coef_loss   | -2.87    |
|    learning_rate   | 0.0007   |
|    n_updates       | 652      |
---------------------------------
---------------------------------
| rollout/           |          |
|    ep_len_mean     | 1        |
|    ep_rew_mean     | 90.7     |
| time/              |          |
|    episodes        | 268      |
|    fps             | 0        |
|    time_elapsed    | 3369     |
|    total_timesteps | 268      |
| train/             |          |
|    actor_loss      | -2.46    |
|    critic_loss     | 0.0244   |
|    ent_coef        | 0.63     |
|    ent_coef_loss   | -2.95    |
|    learning_rate   | 0.0007   |
|    n_updates       | 668      |
---------------------------------
---------------------------------
| rollout/           |          |
|    ep_len_mean     | 1        |
|    ep_rew_mean     | 93       |
| time/              |          |
|    episodes        | 272      |
|    fps             | 0        |
|    time_elapsed    | 3396     |
|    total_timesteps | 272      |
| train/             |          |
|    actor_loss      | -2.44    |
|    critic_loss     | 0.0282   |
|    ent_coef        | 0.623    |
|    ent_coef_loss   | -2.99    |
|    learning_rate   | 0.0007   |
|    n_updates       | 684      |
---------------------------------
---------------------------------
| rollout/           |          |
|    ep_len_mean     | 1        |
|    ep_rew_mean     | 94       |
| time/              |          |
|    episodes        | 276      |
|    fps             | 0        |
|    time_elapsed    | 3449     |
|    total_timesteps | 276      |
| train/             |          |
|    actor_loss      | -2.43    |
|    critic_loss     | 0.0353   |
|    ent_coef        | 0.616    |
|    ent_coef_loss   | -3.04    |
|    learning_rate   | 0.0007   |
|    n_updates       | 700      |
---------------------------------
---------------------------------
| rollout/           |          |
|    ep_len_mean     | 1        |
|    ep_rew_mean     | 95.7     |
| time/              |          |
|    episodes        | 280      |
|    fps             | 0        |
|    time_elapsed    | 3505     |
|    total_timesteps | 280      |
| train/             |          |
|    actor_loss      | -2.38    |
|    critic_loss     | 0.0282   |
|    ent_coef        | 0.61     |
|    ent_coef_loss   | -3.17    |
|    learning_rate   | 0.0007   |
|    n_updates       | 716      |
---------------------------------
---------------------------------
| rollout/           |          |
|    ep_len_mean     | 1        |
|    ep_rew_mean     | 96.7     |
| time/              |          |
|    episodes        | 284      |
|    fps             | 0        |
|    time_elapsed    | 3536     |
|    total_timesteps | 284      |
| train/             |          |
|    actor_loss      | -2.4     |
|    critic_loss     | 0.0256   |
|    ent_coef        | 0.603    |
|    ent_coef_loss   | -3.18    |
|    learning_rate   | 0.0007   |
|    n_updates       | 732      |
---------------------------------
---------------------------------
| rollout/           |          |
|    ep_len_mean     | 1        |
|    ep_rew_mean     | 95.3     |
| time/              |          |
|    episodes        | 288      |
|    fps             | 0        |
|    time_elapsed    | 3570     |
|    total_timesteps | 288      |
| train/             |          |
|    actor_loss      | -2.38    |
|    critic_loss     | 0.0326   |
|    ent_coef        | 0.596    |
|    ent_coef_loss   | -3.27    |
|    learning_rate   | 0.0007   |
|    n_updates       | 748      |
---------------------------------
---------------------------------
| rollout/           |          |
|    ep_len_mean     | 1        |
|    ep_rew_mean     | 93.4     |
| time/              |          |
|    episodes        | 292      |
|    fps             | 0        |
|    time_elapsed    | 3629     |
|    total_timesteps | 292      |
| train/             |          |
|    actor_loss      | -2.37    |
|    critic_loss     | 0.0271   |
|    ent_coef        | 0.59     |
|    ent_coef_loss   | -3.31    |
|    learning_rate   | 0.0007   |
|    n_updates       | 764      |
---------------------------------
---------------------------------
| rollout/           |          |
|    ep_len_mean     | 1        |
|    ep_rew_mean     | 91.9     |
| time/              |          |
|    episodes        | 296      |
|    fps             | 0        |
|    time_elapsed    | 3658     |
|    total_timesteps | 296      |
| train/             |          |
|    actor_loss      | -2.34    |
|    critic_loss     | 0.023    |
|    ent_coef        | 0.584    |
|    ent_coef_loss   | -3.37    |
|    learning_rate   | 0.0007   |
|    n_updates       | 780      |
---------------------------------
---------------------------------
| rollout/           |          |
|    ep_len_mean     | 1        |
|    ep_rew_mean     | 95       |
| time/              |          |
|    episodes        | 300      |
|    fps             | 0        |
|    time_elapsed    | 3681     |
|    total_timesteps | 300      |
| train/             |          |
|    actor_loss      | -2.37    |
|    critic_loss     | 0.0229   |
|    ent_coef        | 0.577    |
|    ent_coef_loss   | -3.42    |
|    learning_rate   | 0.0007   |
|    n_updates       | 796      |
---------------------------------
---------------------------------
| rollout/           |          |
|    ep_len_mean     | 1        |
|    ep_rew_mean     | 91.1     |
| time/              |          |
|    episodes        | 304      |
|    fps             | 0        |
|    time_elapsed    | 3720     |
|    total_timesteps | 304      |
| train/             |          |
|    actor_loss      | -2.36    |
|    critic_loss     | 0.0247   |
|    ent_coef        | 0.571    |
|    ent_coef_loss   | -3.54    |
|    learning_rate   | 0.0007   |
|    n_updates       | 812      |
---------------------------------
---------------------------------
| rollout/           |          |
|    ep_len_mean     | 1        |
|    ep_rew_mean     | 95.1     |
| time/              |          |
|    episodes        | 308      |
|    fps             | 0        |
|    time_elapsed    | 3743     |
|    total_timesteps | 308      |
| train/             |          |
|    actor_loss      | -2.3     |
|    critic_loss     | 0.0216   |
|    ent_coef        | 0.565    |
|    ent_coef_loss   | -3.5     |
|    learning_rate   | 0.0007   |
|    n_updates       | 828      |
---------------------------------
---------------------------------
| rollout/           |          |
|    ep_len_mean     | 1        |
|    ep_rew_mean     | 97.6     |
| time/              |          |
|    episodes        | 312      |
|    fps             | 0        |
|    time_elapsed    | 3801     |
|    total_timesteps | 312      |
| train/             |          |
|    actor_loss      | -2.31    |
|    critic_loss     | 0.0247   |
|    ent_coef        | 0.559    |
|    ent_coef_loss   | -3.62    |
|    learning_rate   | 0.0007   |
|    n_updates       | 844      |
---------------------------------
---------------------------------
| rollout/           |          |
|    ep_len_mean     | 1        |
|    ep_rew_mean     | 95.3     |
| time/              |          |
|    episodes        | 316      |
|    fps             | 0        |
|    time_elapsed    | 3860     |
|    total_timesteps | 316      |
| train/             |          |
|    actor_loss      | -2.29    |
|    critic_loss     | 0.0251   |
|    ent_coef        | 0.553    |
|    ent_coef_loss   | -3.73    |
|    learning_rate   | 0.0007   |
|    n_updates       | 860      |
---------------------------------
---------------------------------
| rollout/           |          |
|    ep_len_mean     | 1        |
|    ep_rew_mean     | 93.3     |
| time/              |          |
|    episodes        | 320      |
|    fps             | 0        |
|    time_elapsed    | 3918     |
|    total_timesteps | 320      |
| train/             |          |
|    actor_loss      | -2.25    |
|    critic_loss     | 0.0254   |
|    ent_coef        | 0.547    |
|    ent_coef_loss   | -3.71    |
|    learning_rate   | 0.0007   |
|    n_updates       | 876      |
---------------------------------
---------------------------------
| rollout/           |          |
|    ep_len_mean     | 1        |
|    ep_rew_mean     | 91.2     |
| time/              |          |
|    episodes        | 324      |
|    fps             | 0        |
|    time_elapsed    | 3973     |
|    total_timesteps | 324      |
| train/             |          |
|    actor_loss      | -2.25    |
|    critic_loss     | 0.0207   |
|    ent_coef        | 0.541    |
|    ent_coef_loss   | -3.8     |
|    learning_rate   | 0.0007   |
|    n_updates       | 892      |
---------------------------------
---------------------------------
| rollout/           |          |
|    ep_len_mean     | 1        |
|    ep_rew_mean     | 89.2     |
| time/              |          |
|    episodes        | 328      |
|    fps             | 0        |
|    time_elapsed    | 4054     |
|    total_timesteps | 328      |
| train/             |          |
|    actor_loss      | -2.27    |
|    critic_loss     | 0.0244   |
|    ent_coef        | 0.535    |
|    ent_coef_loss   | -3.83    |
|    learning_rate   | 0.0007   |
|    n_updates       | 908      |
---------------------------------
---------------------------------
| rollout/           |          |
|    ep_len_mean     | 1        |
|    ep_rew_mean     | 89.7     |
| time/              |          |
|    episodes        | 332      |
|    fps             | 0        |
|    time_elapsed    | 4086     |
|    total_timesteps | 332      |
| train/             |          |
|    actor_loss      | -2.23    |
|    critic_loss     | 0.0204   |
|    ent_coef        | 0.529    |
|    ent_coef_loss   | -3.84    |
|    learning_rate   | 0.0007   |
|    n_updates       | 924      |
---------------------------------
---------------------------------
| rollout/           |          |
|    ep_len_mean     | 1        |
|    ep_rew_mean     | 94.4     |
| time/              |          |
|    episodes        | 336      |
|    fps             | 0        |
|    time_elapsed    | 4118     |
|    total_timesteps | 336      |
| train/             |          |
|    actor_loss      | -2.25    |
|    critic_loss     | 0.0296   |
|    ent_coef        | 0.524    |
|    ent_coef_loss   | -3.96    |
|    learning_rate   | 0.0007   |
|    n_updates       | 940      |
---------------------------------
---------------------------------
| rollout/           |          |
|    ep_len_mean     | 1        |
|    ep_rew_mean     | 94.4     |
| time/              |          |
|    episodes        | 340      |
|    fps             | 0        |
|    time_elapsed    | 4170     |
|    total_timesteps | 340      |
| train/             |          |
|    actor_loss      | -2.27    |
|    critic_loss     | 0.0188   |
|    ent_coef        | 0.518    |
|    ent_coef_loss   | -4.06    |
|    learning_rate   | 0.0007   |
|    n_updates       | 956      |
---------------------------------
---------------------------------
| rollout/           |          |
|    ep_len_mean     | 1        |
|    ep_rew_mean     | 93.2     |
| time/              |          |
|    episodes        | 344      |
|    fps             | 0        |
|    time_elapsed    | 4221     |
|    total_timesteps | 344      |
| train/             |          |
|    actor_loss      | -2.23    |
|    critic_loss     | 0.0163   |
|    ent_coef        | 0.513    |
|    ent_coef_loss   | -4.05    |
|    learning_rate   | 0.0007   |
|    n_updates       | 972      |
---------------------------------
---------------------------------
| rollout/           |          |
|    ep_len_mean     | 1        |
|    ep_rew_mean     | 92.5     |
| time/              |          |
|    episodes        | 348      |
|    fps             | 0        |
|    time_elapsed    | 4293     |
|    total_timesteps | 348      |
| train/             |          |
|    actor_loss      | -2.23    |
|    critic_loss     | 0.0177   |
|    ent_coef        | 0.507    |
|    ent_coef_loss   | -4.14    |
|    learning_rate   | 0.0007   |
|    n_updates       | 988      |
---------------------------------
---------------------------------
| rollout/           |          |
|    ep_len_mean     | 1        |
|    ep_rew_mean     | 95.5     |
| time/              |          |
|    episodes        | 352      |
|    fps             | 0        |
|    time_elapsed    | 4316     |
|    total_timesteps | 352      |
| train/             |          |
|    actor_loss      | -2.21    |
|    critic_loss     | 0.0139   |
|    ent_coef        | 0.502    |
|    ent_coef_loss   | -4.3     |
|    learning_rate   | 0.0007   |
|    n_updates       | 1004     |
---------------------------------
---------------------------------
| rollout/           |          |
|    ep_len_mean     | 1        |
|    ep_rew_mean     | 97.3     |
| time/              |          |
|    episodes        | 356      |
|    fps             | 0        |
|    time_elapsed    | 4334     |
|    total_timesteps | 356      |
| train/             |          |
|    actor_loss      | -2.21    |
|    critic_loss     | 0.0171   |
|    ent_coef        | 0.496    |
|    ent_coef_loss   | -4.24    |
|    learning_rate   | 0.0007   |
|    n_updates       | 1020     |
---------------------------------
---------------------------------
| rollout/           |          |
|    ep_len_mean     | 1        |
|    ep_rew_mean     | 94.2     |
| time/              |          |
|    episodes        | 360      |
|    fps             | 0        |
|    time_elapsed    | 4387     |
|    total_timesteps | 360      |
| train/             |          |
|    actor_loss      | -2.18    |
|    critic_loss     | 0.015    |
|    ent_coef        | 0.491    |
|    ent_coef_loss   | -4.28    |
|    learning_rate   | 0.0007   |
|    n_updates       | 1036     |
---------------------------------
---------------------------------
| rollout/           |          |
|    ep_len_mean     | 1        |
|    ep_rew_mean     | 94.3     |
| time/              |          |
|    episodes        | 364      |
|    fps             | 0        |
|    time_elapsed    | 4434     |
|    total_timesteps | 364      |
| train/             |          |
|    actor_loss      | -2.19    |
|    critic_loss     | 0.0167   |
|    ent_coef        | 0.486    |
|    ent_coef_loss   | -4.35    |
|    learning_rate   | 0.0007   |
|    n_updates       | 1052     |
---------------------------------
---------------------------------
| rollout/           |          |
|    ep_len_mean     | 1        |
|    ep_rew_mean     | 92.9     |
| time/              |          |
|    episodes        | 368      |
|    fps             | 0        |
|    time_elapsed    | 4481     |
|    total_timesteps | 368      |
| train/             |          |
|    actor_loss      | -2.13    |
|    critic_loss     | 0.0118   |
|    ent_coef        | 0.481    |
|    ent_coef_loss   | -4.33    |
|    learning_rate   | 0.0007   |
|    n_updates       | 1068     |
---------------------------------
---------------------------------
| rollout/           |          |
|    ep_len_mean     | 1        |
|    ep_rew_mean     | 94.7     |
| time/              |          |
|    episodes        | 372      |
|    fps             | 0        |
|    time_elapsed    | 4503     |
|    total_timesteps | 372      |
| train/             |          |
|    actor_loss      | -2.18    |
|    critic_loss     | 0.0185   |
|    ent_coef        | 0.476    |
|    ent_coef_loss   | -4.47    |
|    learning_rate   | 0.0007   |
|    n_updates       | 1084     |
---------------------------------
---------------------------------
| rollout/           |          |
|    ep_len_mean     | 1        |
|    ep_rew_mean     | 96.2     |
| time/              |          |
|    episodes        | 376      |
|    fps             | 0        |
|    time_elapsed    | 4524     |
|    total_timesteps | 376      |
| train/             |          |
|    actor_loss      | -2.18    |
|    critic_loss     | 0.0155   |
|    ent_coef        | 0.471    |
|    ent_coef_loss   | -4.43    |
|    learning_rate   | 0.0007   |
|    n_updates       | 1100     |
---------------------------------
---------------------------------
| rollout/           |          |
|    ep_len_mean     | 1        |
|    ep_rew_mean     | 99.6     |
| time/              |          |
|    episodes        | 380      |
|    fps             | 0        |
|    time_elapsed    | 4542     |
|    total_timesteps | 380      |
| train/             |          |
|    actor_loss      | -2.15    |
|    critic_loss     | 0.0122   |
|    ent_coef        | 0.466    |
|    ent_coef_loss   | -4.6     |
|    learning_rate   | 0.0007   |
|    n_updates       | 1116     |
---------------------------------
---------------------------------
| rollout/           |          |
|    ep_len_mean     | 1        |
|    ep_rew_mean     | 97.6     |
| time/              |          |
|    episodes        | 384      |
|    fps             | 0        |
|    time_elapsed    | 4592     |
|    total_timesteps | 384      |
| train/             |          |
|    actor_loss      | -2.16    |
|    critic_loss     | 0.0148   |
|    ent_coef        | 0.461    |
|    ent_coef_loss   | -4.64    |
|    learning_rate   | 0.0007   |
|    n_updates       | 1132     |
---------------------------------
---------------------------------
| rollout/           |          |
|    ep_len_mean     | 1        |
|    ep_rew_mean     | 99.1     |
| time/              |          |
|    episodes        | 388      |
|    fps             | 0        |
|    time_elapsed    | 4612     |
|    total_timesteps | 388      |
| train/             |          |
|    actor_loss      | -2.13    |
|    critic_loss     | 0.012    |
|    ent_coef        | 0.456    |
|    ent_coef_loss   | -4.68    |
|    learning_rate   | 0.0007   |
|    n_updates       | 1148     |
---------------------------------
---------------------------------
| rollout/           |          |
|    ep_len_mean     | 1        |
|    ep_rew_mean     | 104      |
| time/              |          |
|    episodes        | 392      |
|    fps             | 0        |
|    time_elapsed    | 4632     |
|    total_timesteps | 392      |
| train/             |          |
|    actor_loss      | -2.12    |
|    critic_loss     | 0.0129   |
|    ent_coef        | 0.451    |
|    ent_coef_loss   | -4.73    |
|    learning_rate   | 0.0007   |
|    n_updates       | 1164     |
---------------------------------
---------------------------------
| rollout/           |          |
|    ep_len_mean     | 1        |
|    ep_rew_mean     | 108      |
| time/              |          |
|    episodes        | 396      |
|    fps             | 0        |
|    time_elapsed    | 4651     |
|    total_timesteps | 396      |
| train/             |          |
|    actor_loss      | -2.13    |
|    critic_loss     | 0.0142   |
|    ent_coef        | 0.446    |
|    ent_coef_loss   | -4.73    |
|    learning_rate   | 0.0007   |
|    n_updates       | 1180     |
---------------------------------
---------------------------------
| rollout/           |          |
|    ep_len_mean     | 1        |
|    ep_rew_mean     | 106      |
| time/              |          |
|    episodes        | 400      |
|    fps             | 0        |
|    time_elapsed    | 4677     |
|    total_timesteps | 400      |
| train/             |          |
|    actor_loss      | -2.13    |
|    critic_loss     | 0.0133   |
|    ent_coef        | 0.442    |
|    ent_coef_loss   | -4.89    |
|    learning_rate   | 0.0007   |
|    n_updates       | 1196     |
---------------------------------
---------------------------------
| rollout/           |          |
|    ep_len_mean     | 1        |
|    ep_rew_mean     | 106      |
| time/              |          |
|    episodes        | 404      |
|    fps             | 0        |
|    time_elapsed    | 4730     |
|    total_timesteps | 404      |
| train/             |          |
|    actor_loss      | -2.09    |
|    critic_loss     | 0.0122   |
|    ent_coef        | 0.437    |
|    ent_coef_loss   | -4.89    |
|    learning_rate   | 0.0007   |
|    n_updates       | 1212     |
---------------------------------
---------------------------------
| rollout/           |          |
|    ep_len_mean     | 1        |
|    ep_rew_mean     | 104      |
| time/              |          |
|    episodes        | 408      |
|    fps             | 0        |
|    time_elapsed    | 4774     |
|    total_timesteps | 408      |
| train/             |          |
|    actor_loss      | -2.1     |
|    critic_loss     | 0.0111   |
|    ent_coef        | 0.432    |
|    ent_coef_loss   | -4.88    |
|    learning_rate   | 0.0007   |
|    n_updates       | 1228     |
---------------------------------
---------------------------------
| rollout/           |          |
|    ep_len_mean     | 1        |
|    ep_rew_mean     | 106      |
| time/              |          |
|    episodes        | 412      |
|    fps             | 0        |
|    time_elapsed    | 4797     |
|    total_timesteps | 412      |
| train/             |          |
|    actor_loss      | -2.13    |
|    critic_loss     | 0.0136   |
|    ent_coef        | 0.428    |
|    ent_coef_loss   | -4.92    |
|    learning_rate   | 0.0007   |
|    n_updates       | 1244     |
---------------------------------
---------------------------------
| rollout/           |          |
|    ep_len_mean     | 1        |
|    ep_rew_mean     | 106      |
| time/              |          |
|    episodes        | 416      |
|    fps             | 0        |
|    time_elapsed    | 4843     |
|    total_timesteps | 416      |
| train/             |          |
|    actor_loss      | -2.09    |
|    critic_loss     | 0.0142   |
|    ent_coef        | 0.423    |
|    ent_coef_loss   | -4.91    |
|    learning_rate   | 0.0007   |
|    n_updates       | 1260     |
---------------------------------
---------------------------------
| rollout/           |          |
|    ep_len_mean     | 1        |
|    ep_rew_mean     | 109      |
| time/              |          |
|    episodes        | 420      |
|    fps             | 0        |
|    time_elapsed    | 4865     |
|    total_timesteps | 420      |
| train/             |          |
|    actor_loss      | -2.07    |
|    critic_loss     | 0.0191   |
|    ent_coef        | 0.419    |
|    ent_coef_loss   | -4.98    |
|    learning_rate   | 0.0007   |
|    n_updates       | 1276     |
---------------------------------
---------------------------------
| rollout/           |          |
|    ep_len_mean     | 1        |
|    ep_rew_mean     | 111      |
| time/              |          |
|    episodes        | 424      |
|    fps             | 0        |
|    time_elapsed    | 4885     |
|    total_timesteps | 424      |
| train/             |          |
|    actor_loss      | -2.07    |
|    critic_loss     | 0.00903  |
|    ent_coef        | 0.415    |
|    ent_coef_loss   | -5.1     |
|    learning_rate   | 0.0007   |
|    n_updates       | 1292     |
---------------------------------
---------------------------------
| rollout/           |          |
|    ep_len_mean     | 1        |
|    ep_rew_mean     | 113      |
| time/              |          |
|    episodes        | 428      |
|    fps             | 0        |
|    time_elapsed    | 4908     |
|    total_timesteps | 428      |
| train/             |          |
|    actor_loss      | -2.05    |
|    critic_loss     | 0.0123   |
|    ent_coef        | 0.41     |
|    ent_coef_loss   | -5.13    |
|    learning_rate   | 0.0007   |
|    n_updates       | 1308     |
---------------------------------
---------------------------------
| rollout/           |          |
|    ep_len_mean     | 1        |
|    ep_rew_mean     | 115      |
| time/              |          |
|    episodes        | 432      |
|    fps             | 0        |
|    time_elapsed    | 4930     |
|    total_timesteps | 432      |
| train/             |          |
|    actor_loss      | -2.04    |
|    critic_loss     | 0.012    |
|    ent_coef        | 0.406    |
|    ent_coef_loss   | -4.98    |
|    learning_rate   | 0.0007   |
|    n_updates       | 1324     |
---------------------------------
---------------------------------
| rollout/           |          |
|    ep_len_mean     | 1        |
|    ep_rew_mean     | 117      |
| time/              |          |
|    episodes        | 436      |
|    fps             | 0        |
|    time_elapsed    | 4950     |
|    total_timesteps | 436      |
| train/             |          |
|    actor_loss      | -2.06    |
|    critic_loss     | 0.0133   |
|    ent_coef        | 0.402    |
|    ent_coef_loss   | -5.15    |
|    learning_rate   | 0.0007   |
|    n_updates       | 1340     |
---------------------------------
---------------------------------
| rollout/           |          |
|    ep_len_mean     | 1        |
|    ep_rew_mean     | 114      |
| time/              |          |
|    episodes        | 440      |
|    fps             | 0        |
|    time_elapsed    | 5026     |
|    total_timesteps | 440      |
| train/             |          |
|    actor_loss      | -2.03    |
|    critic_loss     | 0.0133   |
|    ent_coef        | 0.398    |
|    ent_coef_loss   | -5.25    |
|    learning_rate   | 0.0007   |
|    n_updates       | 1356     |
---------------------------------
---------------------------------
| rollout/           |          |
|    ep_len_mean     | 1        |
|    ep_rew_mean     | 116      |
| time/              |          |
|    episodes        | 444      |
|    fps             | 0        |
|    time_elapsed    | 5070     |
|    total_timesteps | 444      |
| train/             |          |
|    actor_loss      | -2.02    |
|    critic_loss     | 0.0106   |
|    ent_coef        | 0.394    |
|    ent_coef_loss   | -5.23    |
|    learning_rate   | 0.0007   |
|    n_updates       | 1372     |
---------------------------------
---------------------------------
| rollout/           |          |
|    ep_len_mean     | 1        |
|    ep_rew_mean     | 119      |
| time/              |          |
|    episodes        | 448      |
|    fps             | 0        |
|    time_elapsed    | 5091     |
|    total_timesteps | 448      |
| train/             |          |
|    actor_loss      | -2.04    |
|    critic_loss     | 0.00924  |
|    ent_coef        | 0.39     |
|    ent_coef_loss   | -5.36    |
|    learning_rate   | 0.0007   |
|    n_updates       | 1388     |
---------------------------------
---------------------------------
| rollout/           |          |
|    ep_len_mean     | 1        |
|    ep_rew_mean     | 120      |
| time/              |          |
|    episodes        | 452      |
|    fps             | 0        |
|    time_elapsed    | 5110     |
|    total_timesteps | 452      |
| train/             |          |
|    actor_loss      | -2.03    |
|    critic_loss     | 0.0105   |
|    ent_coef        | 0.386    |
|    ent_coef_loss   | -5.29    |
|    learning_rate   | 0.0007   |
|    n_updates       | 1404     |
---------------------------------
---------------------------------
| rollout/           |          |
|    ep_len_mean     | 1        |
|    ep_rew_mean     | 118      |
| time/              |          |
|    episodes        | 456      |
|    fps             | 0        |
|    time_elapsed    | 5154     |
|    total_timesteps | 456      |
| train/             |          |
|    actor_loss      | -2.02    |
|    critic_loss     | 0.00801  |
|    ent_coef        | 0.382    |
|    ent_coef_loss   | -5.21    |
|    learning_rate   | 0.0007   |
|    n_updates       | 1420     |
---------------------------------
---------------------------------
| rollout/           |          |
|    ep_len_mean     | 1        |
|    ep_rew_mean     | 120      |
| time/              |          |
|    episodes        | 460      |
|    fps             | 0        |
|    time_elapsed    | 5199     |
|    total_timesteps | 460      |
| train/             |          |
|    actor_loss      | -2.02    |
|    critic_loss     | 0.00794  |
|    ent_coef        | 0.378    |
|    ent_coef_loss   | -5.35    |
|    learning_rate   | 0.0007   |
|    n_updates       | 1436     |
---------------------------------
---------------------------------
| rollout/           |          |
|    ep_len_mean     | 1        |
|    ep_rew_mean     | 124      |
| time/              |          |
|    episodes        | 464      |
|    fps             | 0        |
|    time_elapsed    | 5218     |
|    total_timesteps | 464      |
| train/             |          |
|    actor_loss      | -2.02    |
|    critic_loss     | 0.0134   |
|    ent_coef        | 0.374    |
|    ent_coef_loss   | -5.67    |
|    learning_rate   | 0.0007   |
|    n_updates       | 1452     |
---------------------------------
---------------------------------
| rollout/           |          |
|    ep_len_mean     | 1        |
|    ep_rew_mean     | 126      |
| time/              |          |
|    episodes        | 468      |
|    fps             | 0        |
|    time_elapsed    | 5237     |
|    total_timesteps | 468      |
| train/             |          |
|    actor_loss      | -2.02    |
|    critic_loss     | 0.0146   |
|    ent_coef        | 0.37     |
|    ent_coef_loss   | -5.44    |
|    learning_rate   | 0.0007   |
|    n_updates       | 1468     |
---------------------------------
---------------------------------
| rollout/           |          |
|    ep_len_mean     | 1        |
|    ep_rew_mean     | 127      |
| time/              |          |
|    episodes        | 472      |
|    fps             | 0        |
|    time_elapsed    | 5255     |
|    total_timesteps | 472      |
| train/             |          |
|    actor_loss      | -2.01    |
|    critic_loss     | 0.0118   |
|    ent_coef        | 0.367    |
|    ent_coef_loss   | -5.36    |
|    learning_rate   | 0.0007   |
|    n_updates       | 1484     |
---------------------------------
---------------------------------
| rollout/           |          |
|    ep_len_mean     | 1        |
|    ep_rew_mean     | 128      |
| time/              |          |
|    episodes        | 476      |
|    fps             | 0        |
|    time_elapsed    | 5276     |
|    total_timesteps | 476      |
| train/             |          |
|    actor_loss      | -2.01    |
|    critic_loss     | 0.0139   |
|    ent_coef        | 0.363    |
|    ent_coef_loss   | -5.61    |
|    learning_rate   | 0.0007   |
|    n_updates       | 1500     |
---------------------------------
---------------------------------
| rollout/           |          |
|    ep_len_mean     | 1        |
|    ep_rew_mean     | 127      |
| time/              |          |
|    episodes        | 480      |
|    fps             | 0        |
|    time_elapsed    | 5296     |
|    total_timesteps | 480      |
| train/             |          |
|    actor_loss      | -1.98    |
|    critic_loss     | 0.0114   |
|    ent_coef        | 0.359    |
|    ent_coef_loss   | -5.58    |
|    learning_rate   | 0.0007   |
|    n_updates       | 1516     |
---------------------------------
---------------------------------
| rollout/           |          |
|    ep_len_mean     | 1        |
|    ep_rew_mean     | 130      |
| time/              |          |
|    episodes        | 484      |
|    fps             | 0        |
|    time_elapsed    | 5314     |
|    total_timesteps | 484      |
| train/             |          |
|    actor_loss      | -2.01    |
|    critic_loss     | 0.00954  |
|    ent_coef        | 0.356    |
|    ent_coef_loss   | -5.58    |
|    learning_rate   | 0.0007   |
|    n_updates       | 1532     |
---------------------------------
---------------------------------
| rollout/           |          |
|    ep_len_mean     | 1        |
|    ep_rew_mean     | 131      |
| time/              |          |
|    episodes        | 488      |
|    fps             | 0        |
|    time_elapsed    | 5336     |
|    total_timesteps | 488      |
| train/             |          |
|    actor_loss      | -1.97    |
|    critic_loss     | 0.0137   |
|    ent_coef        | 0.352    |
|    ent_coef_loss   | -5.66    |
|    learning_rate   | 0.0007   |
|    n_updates       | 1548     |
---------------------------------
---------------------------------
| rollout/           |          |
|    ep_len_mean     | 1        |
|    ep_rew_mean     | 129      |
| time/              |          |
|    episodes        | 492      |
|    fps             | 0        |
|    time_elapsed    | 5383     |
|    total_timesteps | 492      |
| train/             |          |
|    actor_loss      | -2       |
|    critic_loss     | 0.0174   |
|    ent_coef        | 0.348    |
|    ent_coef_loss   | -5.6     |
|    learning_rate   | 0.0007   |
|    n_updates       | 1564     |
---------------------------------
---------------------------------
| rollout/           |          |
|    ep_len_mean     | 1        |
|    ep_rew_mean     | 126      |
| time/              |          |
|    episodes        | 496      |
|    fps             | 0        |
|    time_elapsed    | 5410     |
|    total_timesteps | 496      |
| train/             |          |
|    actor_loss      | -1.96    |
|    critic_loss     | 0.0195   |
|    ent_coef        | 0.345    |
|    ent_coef_loss   | -5.76    |
|    learning_rate   | 0.0007   |
|    n_updates       | 1580     |
---------------------------------
---------------------------------
| rollout/           |          |
|    ep_len_mean     | 1        |
|    ep_rew_mean     | 129      |
| time/              |          |
|    episodes        | 500      |
|    fps             | 0        |
|    time_elapsed    | 5427     |
|    total_timesteps | 500      |
| train/             |          |
|    actor_loss      | -1.93    |
|    critic_loss     | 0.013    |
|    ent_coef        | 0.341    |
|    ent_coef_loss   | -6.02    |
|    learning_rate   | 0.0007   |
|    n_updates       | 1596     |
---------------------------------
---------------------------------
| rollout/           |          |
|    ep_len_mean     | 1        |
|    ep_rew_mean     | 131      |
| time/              |          |
|    episodes        | 504      |
|    fps             | 0        |
|    time_elapsed    | 5449     |
|    total_timesteps | 504      |
| train/             |          |
|    actor_loss      | -1.99    |
|    critic_loss     | 0.0192   |
|    ent_coef        | 0.338    |
|    ent_coef_loss   | -5.9     |
|    learning_rate   | 0.0007   |
|    n_updates       | 1612     |
---------------------------------
---------------------------------
| rollout/           |          |
|    ep_len_mean     | 1        |
|    ep_rew_mean     | 133      |
| time/              |          |
|    episodes        | 508      |
|    fps             | 0        |
|    time_elapsed    | 5468     |
|    total_timesteps | 508      |
| train/             |          |
|    actor_loss      | -1.95    |
|    critic_loss     | 0.0124   |
|    ent_coef        | 0.335    |
|    ent_coef_loss   | -5.81    |
|    learning_rate   | 0.0007   |
|    n_updates       | 1628     |
---------------------------------
---------------------------------
| rollout/           |          |
|    ep_len_mean     | 1        |
|    ep_rew_mean     | 133      |
| time/              |          |
|    episodes        | 512      |
|    fps             | 0        |
|    time_elapsed    | 5487     |
|    total_timesteps | 512      |
| train/             |          |
|    actor_loss      | -1.97    |
|    critic_loss     | 0.019    |
|    ent_coef        | 0.331    |
|    ent_coef_loss   | -5.8     |
|    learning_rate   | 0.0007   |
|    n_updates       | 1644     |
---------------------------------
---------------------------------
| rollout/           |          |
|    ep_len_mean     | 1        |
|    ep_rew_mean     | 137      |
| time/              |          |
|    episodes        | 516      |
|    fps             | 0        |
|    time_elapsed    | 5506     |
|    total_timesteps | 516      |
| train/             |          |
|    actor_loss      | -1.96    |
|    critic_loss     | 0.0252   |
|    ent_coef        | 0.328    |
|    ent_coef_loss   | -5.94    |
|    learning_rate   | 0.0007   |
|    n_updates       | 1660     |
---------------------------------
---------------------------------
| rollout/           |          |
|    ep_len_mean     | 1        |
|    ep_rew_mean     | 135      |
| time/              |          |
|    episodes        | 520      |
|    fps             | 0        |
|    time_elapsed    | 5551     |
|    total_timesteps | 520      |
| train/             |          |
|    actor_loss      | -1.98    |
|    critic_loss     | 0.0252   |
|    ent_coef        | 0.325    |
|    ent_coef_loss   | -6.02    |
|    learning_rate   | 0.0007   |
|    n_updates       | 1676     |
---------------------------------
---------------------------------
| rollout/           |          |
|    ep_len_mean     | 1        |
|    ep_rew_mean     | 132      |
| time/              |          |
|    episodes        | 524      |
|    fps             | 0        |
|    time_elapsed    | 5597     |
|    total_timesteps | 524      |
| train/             |          |
|    actor_loss      | -1.97    |
|    critic_loss     | 0.0283   |
|    ent_coef        | 0.321    |
|    ent_coef_loss   | -6.2     |
|    learning_rate   | 0.0007   |
|    n_updates       | 1692     |
---------------------------------
---------------------------------
| rollout/           |          |
|    ep_len_mean     | 1        |
|    ep_rew_mean     | 133      |
| time/              |          |
|    episodes        | 528      |
|    fps             | 0        |
|    time_elapsed    | 5620     |
|    total_timesteps | 528      |
| train/             |          |
|    actor_loss      | -1.97    |
|    critic_loss     | 0.0166   |
|    ent_coef        | 0.318    |
|    ent_coef_loss   | -6.31    |
|    learning_rate   | 0.0007   |
|    n_updates       | 1708     |
---------------------------------
---------------------------------
| rollout/           |          |
|    ep_len_mean     | 1        |
|    ep_rew_mean     | 133      |
| time/              |          |
|    episodes        | 532      |
|    fps             | 0        |
|    time_elapsed    | 5639     |
|    total_timesteps | 532      |
| train/             |          |
|    actor_loss      | -1.93    |
|    critic_loss     | 0.0242   |
|    ent_coef        | 0.315    |
|    ent_coef_loss   | -5.81    |
|    learning_rate   | 0.0007   |
|    n_updates       | 1724     |
---------------------------------
---------------------------------
| rollout/           |          |
|    ep_len_mean     | 1        |
|    ep_rew_mean     | 130      |
| time/              |          |
|    episodes        | 536      |
|    fps             | 0        |
|    time_elapsed    | 5690     |
|    total_timesteps | 536      |
| train/             |          |
|    actor_loss      | -1.96    |
|    critic_loss     | 0.0217   |
|    ent_coef        | 0.312    |
|    ent_coef_loss   | -6.04    |
|    learning_rate   | 0.0007   |
|    n_updates       | 1740     |
---------------------------------
---------------------------------
| rollout/           |          |
|    ep_len_mean     | 1        |
|    ep_rew_mean     | 134      |
| time/              |          |
|    episodes        | 540      |
|    fps             | 0        |
|    time_elapsed    | 5712     |
|    total_timesteps | 540      |
| train/             |          |
|    actor_loss      | -1.95    |
|    critic_loss     | 0.0166   |
|    ent_coef        | 0.309    |
|    ent_coef_loss   | -6.03    |
|    learning_rate   | 0.0007   |
|    n_updates       | 1756     |
---------------------------------
---------------------------------
| rollout/           |          |
|    ep_len_mean     | 1        |
|    ep_rew_mean     | 132      |
| time/              |          |
|    episodes        | 544      |
|    fps             | 0        |
|    time_elapsed    | 5783     |
|    total_timesteps | 544      |
| train/             |          |
|    actor_loss      | -1.93    |
|    critic_loss     | 0.0133   |
|    ent_coef        | 0.306    |
|    ent_coef_loss   | -6.11    |
|    learning_rate   | 0.0007   |
|    n_updates       | 1772     |
---------------------------------
---------------------------------
| rollout/           |          |
|    ep_len_mean     | 1        |
|    ep_rew_mean     | 132      |
| time/              |          |
|    episodes        | 548      |
|    fps             | 0        |
|    time_elapsed    | 5807     |
|    total_timesteps | 548      |
| train/             |          |
|    actor_loss      | -1.94    |
|    critic_loss     | 0.0141   |
|    ent_coef        | 0.303    |
|    ent_coef_loss   | -6.1     |
|    learning_rate   | 0.0007   |
|    n_updates       | 1788     |
---------------------------------
---------------------------------
| rollout/           |          |
|    ep_len_mean     | 1        |
|    ep_rew_mean     | 132      |
| time/              |          |
|    episodes        | 552      |
|    fps             | 0        |
|    time_elapsed    | 5829     |
|    total_timesteps | 552      |
| train/             |          |
|    actor_loss      | -1.93    |
|    critic_loss     | 0.0167   |
|    ent_coef        | 0.3      |
|    ent_coef_loss   | -6.16    |
|    learning_rate   | 0.0007   |
|    n_updates       | 1804     |
---------------------------------
---------------------------------
| rollout/           |          |
|    ep_len_mean     | 1        |
|    ep_rew_mean     | 133      |
| time/              |          |
|    episodes        | 556      |
|    fps             | 0        |
|    time_elapsed    | 5851     |
|    total_timesteps | 556      |
| train/             |          |
|    actor_loss      | -1.96    |
|    critic_loss     | 0.0136   |
|    ent_coef        | 0.297    |
|    ent_coef_loss   | -6.52    |
|    learning_rate   | 0.0007   |
|    n_updates       | 1820     |
---------------------------------
---------------------------------
| rollout/           |          |
|    ep_len_mean     | 1        |
|    ep_rew_mean     | 135      |
| time/              |          |
|    episodes        | 560      |
|    fps             | 0        |
|    time_elapsed    | 5872     |
|    total_timesteps | 560      |
| train/             |          |
|    actor_loss      | -1.94    |
|    critic_loss     | 0.0223   |
|    ent_coef        | 0.294    |
|    ent_coef_loss   | -6.27    |
|    learning_rate   | 0.0007   |
|    n_updates       | 1836     |
---------------------------------
---------------------------------
| rollout/           |          |
|    ep_len_mean     | 1        |
|    ep_rew_mean     | 134      |
| time/              |          |
|    episodes        | 564      |
|    fps             | 0        |
|    time_elapsed    | 5891     |
|    total_timesteps | 564      |
| train/             |          |
|    actor_loss      | -1.92    |
|    critic_loss     | 0.0201   |
|    ent_coef        | 0.291    |
|    ent_coef_loss   | -6.31    |
|    learning_rate   | 0.0007   |
|    n_updates       | 1852     |
---------------------------------
---------------------------------
| rollout/           |          |
|    ep_len_mean     | 1        |
|    ep_rew_mean     | 132      |
| time/              |          |
|    episodes        | 568      |
|    fps             | 0        |
|    time_elapsed    | 5934     |
|    total_timesteps | 568      |
| train/             |          |
|    actor_loss      | -1.94    |
|    critic_loss     | 0.0193   |
|    ent_coef        | 0.288    |
|    ent_coef_loss   | -6.26    |
|    learning_rate   | 0.0007   |
|    n_updates       | 1868     |
---------------------------------
---------------------------------
| rollout/           |          |
|    ep_len_mean     | 1        |
|    ep_rew_mean     | 132      |
| time/              |          |
|    episodes        | 572      |
|    fps             | 0        |
|    time_elapsed    | 5952     |
|    total_timesteps | 572      |
| train/             |          |
|    actor_loss      | -1.93    |
|    critic_loss     | 0.0143   |
|    ent_coef        | 0.285    |
|    ent_coef_loss   | -6.45    |
|    learning_rate   | 0.0007   |
|    n_updates       | 1884     |
---------------------------------
---------------------------------
| rollout/           |          |
|    ep_len_mean     | 1        |
|    ep_rew_mean     | 132      |
| time/              |          |
|    episodes        | 576      |
|    fps             | 0        |
|    time_elapsed    | 5970     |
|    total_timesteps | 576      |
| train/             |          |
|    actor_loss      | -1.89    |
|    critic_loss     | 0.0232   |
|    ent_coef        | 0.282    |
|    ent_coef_loss   | -6.51    |
|    learning_rate   | 0.0007   |
|    n_updates       | 1900     |
---------------------------------
---------------------------------
| rollout/           |          |
|    ep_len_mean     | 1        |
|    ep_rew_mean     | 133      |
| time/              |          |
|    episodes        | 580      |
|    fps             | 0        |
|    time_elapsed    | 5988     |
|    total_timesteps | 580      |
| train/             |          |
|    actor_loss      | -1.94    |
|    critic_loss     | 0.0199   |
|    ent_coef        | 0.28     |
|    ent_coef_loss   | -6.49    |
|    learning_rate   | 0.0007   |
|    n_updates       | 1916     |
---------------------------------
---------------------------------
| rollout/           |          |
|    ep_len_mean     | 1        |
|    ep_rew_mean     | 133      |
| time/              |          |
|    episodes        | 584      |
|    fps             | 0        |
|    time_elapsed    | 6006     |
|    total_timesteps | 584      |
| train/             |          |
|    actor_loss      | -1.92    |
|    critic_loss     | 0.017    |
|    ent_coef        | 0.277    |
|    ent_coef_loss   | -6.28    |
|    learning_rate   | 0.0007   |
|    n_updates       | 1932     |
---------------------------------
---------------------------------
| rollout/           |          |
|    ep_len_mean     | 1        |
|    ep_rew_mean     | 134      |
| time/              |          |
|    episodes        | 588      |
|    fps             | 0        |
|    time_elapsed    | 6023     |
|    total_timesteps | 588      |
| train/             |          |
|    actor_loss      | -1.92    |
|    critic_loss     | 0.0188   |
|    ent_coef        | 0.274    |
|    ent_coef_loss   | -6.4     |
|    learning_rate   | 0.0007   |
|    n_updates       | 1948     |
---------------------------------
---------------------------------
| rollout/           |          |
|    ep_len_mean     | 1        |
|    ep_rew_mean     | 136      |
| time/              |          |
|    episodes        | 592      |
|    fps             | 0        |
|    time_elapsed    | 6041     |
|    total_timesteps | 592      |
| train/             |          |
|    actor_loss      | -1.93    |
|    critic_loss     | 0.0173   |
|    ent_coef        | 0.272    |
|    ent_coef_loss   | -6.57    |
|    learning_rate   | 0.0007   |
|    n_updates       | 1964     |
---------------------------------
---------------------------------
| rollout/           |          |
|    ep_len_mean     | 1        |
|    ep_rew_mean     | 138      |
| time/              |          |
|    episodes        | 596      |
|    fps             | 0        |
|    time_elapsed    | 6061     |
|    total_timesteps | 596      |
| train/             |          |
|    actor_loss      | -1.93    |
|    critic_loss     | 0.027    |
|    ent_coef        | 0.269    |
|    ent_coef_loss   | -6.45    |
|    learning_rate   | 0.0007   |
|    n_updates       | 1980     |
---------------------------------
---------------------------------
| rollout/           |          |
|    ep_len_mean     | 1        |
|    ep_rew_mean     | 137      |
| time/              |          |
|    episodes        | 600      |
|    fps             | 0        |
|    time_elapsed    | 6081     |
|    total_timesteps | 600      |
| train/             |          |
|    actor_loss      | -1.91    |
|    critic_loss     | 0.0153   |
|    ent_coef        | 0.266    |
|    ent_coef_loss   | -6.52    |
|    learning_rate   | 0.0007   |
|    n_updates       | 1996     |
---------------------------------
---------------------------------
| rollout/           |          |
|    ep_len_mean     | 1        |
|    ep_rew_mean     | 138      |
| time/              |          |
|    episodes        | 604      |
|    fps             | 0        |
|    time_elapsed    | 6100     |
|    total_timesteps | 604      |
| train/             |          |
|    actor_loss      | -1.94    |
|    critic_loss     | 0.0211   |
|    ent_coef        | 0.264    |
|    ent_coef_loss   | -6.68    |
|    learning_rate   | 0.0007   |
|    n_updates       | 2012     |
---------------------------------
---------------------------------
| rollout/           |          |
|    ep_len_mean     | 1        |
|    ep_rew_mean     | 138      |
| time/              |          |
|    episodes        | 608      |
|    fps             | 0        |
|    time_elapsed    | 6121     |
|    total_timesteps | 608      |
| train/             |          |
|    actor_loss      | -1.93    |
|    critic_loss     | 0.0163   |
|    ent_coef        | 0.261    |
|    ent_coef_loss   | -6.65    |
|    learning_rate   | 0.0007   |
|    n_updates       | 2028     |
---------------------------------
---------------------------------
| rollout/           |          |
|    ep_len_mean     | 1        |
|    ep_rew_mean     | 138      |
| time/              |          |
|    episodes        | 612      |
|    fps             | 0        |
|    time_elapsed    | 6139     |
|    total_timesteps | 612      |
| train/             |          |
|    actor_loss      | -1.91    |
|    critic_loss     | 0.0169   |
|    ent_coef        | 0.259    |
|    ent_coef_loss   | -6.64    |
|    learning_rate   | 0.0007   |
|    n_updates       | 2044     |
---------------------------------
---------------------------------
| rollout/           |          |
|    ep_len_mean     | 1        |
|    ep_rew_mean     | 139      |
| time/              |          |
|    episodes        | 616      |
|    fps             | 0        |
|    time_elapsed    | 6157     |
|    total_timesteps | 616      |
| train/             |          |
|    actor_loss      | -1.9     |
|    critic_loss     | 0.0172   |
|    ent_coef        | 0.256    |
|    ent_coef_loss   | -6.43    |
|    learning_rate   | 0.0007   |
|    n_updates       | 2060     |
---------------------------------
---------------------------------
| rollout/           |          |
|    ep_len_mean     | 1        |
|    ep_rew_mean     | 138      |
| time/              |          |
|    episodes        | 620      |
|    fps             | 0        |
|    time_elapsed    | 6187     |
|    total_timesteps | 620      |
| train/             |          |
|    actor_loss      | -1.95    |
|    critic_loss     | 0.0151   |
|    ent_coef        | 0.254    |
|    ent_coef_loss   | -6.81    |
|    learning_rate   | 0.0007   |
|    n_updates       | 2076     |
---------------------------------
---------------------------------
| rollout/           |          |
|    ep_len_mean     | 1        |
|    ep_rew_mean     | 141      |
| time/              |          |
|    episodes        | 624      |
|    fps             | 0        |
|    time_elapsed    | 6205     |
|    total_timesteps | 624      |
| train/             |          |
|    actor_loss      | -1.91    |
|    critic_loss     | 0.0182   |
|    ent_coef        | 0.251    |
|    ent_coef_loss   | -6.59    |
|    learning_rate   | 0.0007   |
|    n_updates       | 2092     |
---------------------------------
---------------------------------
| rollout/           |          |
|    ep_len_mean     | 1        |
|    ep_rew_mean     | 142      |
| time/              |          |
|    episodes        | 628      |
|    fps             | 0        |
|    time_elapsed    | 6222     |
|    total_timesteps | 628      |
| train/             |          |
|    actor_loss      | -1.94    |
|    critic_loss     | 0.0194   |
|    ent_coef        | 0.249    |
|    ent_coef_loss   | -6.57    |
|    learning_rate   | 0.0007   |
|    n_updates       | 2108     |
---------------------------------
---------------------------------
| rollout/           |          |
|    ep_len_mean     | 1        |
|    ep_rew_mean     | 143      |
| time/              |          |
|    episodes        | 632      |
|    fps             | 0        |
|    time_elapsed    | 6240     |
|    total_timesteps | 632      |
| train/             |          |
|    actor_loss      | -1.93    |
|    critic_loss     | 0.0145   |
|    ent_coef        | 0.247    |
|    ent_coef_loss   | -7.04    |
|    learning_rate   | 0.0007   |
|    n_updates       | 2124     |
---------------------------------
---------------------------------
| rollout/           |          |
|    ep_len_mean     | 1        |
|    ep_rew_mean     | 147      |
| time/              |          |
|    episodes        | 636      |
|    fps             | 0        |
|    time_elapsed    | 6257     |
|    total_timesteps | 636      |
| train/             |          |
|    actor_loss      | -1.92    |
|    critic_loss     | 0.0104   |
|    ent_coef        | 0.244    |
|    ent_coef_loss   | -6.58    |
|    learning_rate   | 0.0007   |
|    n_updates       | 2140     |
---------------------------------
---------------------------------
| rollout/           |          |
|    ep_len_mean     | 1        |
|    ep_rew_mean     | 148      |
| time/              |          |
|    episodes        | 640      |
|    fps             | 0        |
|    time_elapsed    | 6276     |
|    total_timesteps | 640      |
| train/             |          |
|    actor_loss      | -1.92    |
|    critic_loss     | 0.0137   |
|    ent_coef        | 0.242    |
|    ent_coef_loss   | -6.91    |
|    learning_rate   | 0.0007   |
|    n_updates       | 2156     |
---------------------------------
---------------------------------
| rollout/           |          |
|    ep_len_mean     | 1        |
|    ep_rew_mean     | 152      |
| time/              |          |
|    episodes        | 644      |
|    fps             | 0        |
|    time_elapsed    | 6295     |
|    total_timesteps | 644      |
| train/             |          |
|    actor_loss      | -1.92    |
|    critic_loss     | 0.0191   |
|    ent_coef        | 0.24     |
|    ent_coef_loss   | -6.63    |
|    learning_rate   | 0.0007   |
|    n_updates       | 2172     |
---------------------------------
---------------------------------
| rollout/           |          |
|    ep_len_mean     | 1        |
|    ep_rew_mean     | 152      |
| time/              |          |
|    episodes        | 648      |
|    fps             | 0        |
|    time_elapsed    | 6316     |
|    total_timesteps | 648      |
| train/             |          |
|    actor_loss      | -1.92    |
|    critic_loss     | 0.0166   |
|    ent_coef        | 0.237    |
|    ent_coef_loss   | -6.97    |
|    learning_rate   | 0.0007   |
|    n_updates       | 2188     |
---------------------------------
---------------------------------
| rollout/           |          |
|    ep_len_mean     | 1        |
|    ep_rew_mean     | 154      |
| time/              |          |
|    episodes        | 652      |
|    fps             | 0        |
|    time_elapsed    | 6334     |
|    total_timesteps | 652      |
| train/             |          |
|    actor_loss      | -1.95    |
|    critic_loss     | 0.013    |
|    ent_coef        | 0.235    |
|    ent_coef_loss   | -6.73    |
|    learning_rate   | 0.0007   |
|    n_updates       | 2204     |
---------------------------------
---------------------------------
| rollout/           |          |
|    ep_len_mean     | 1        |
|    ep_rew_mean     | 154      |
| time/              |          |
|    episodes        | 656      |
|    fps             | 0        |
|    time_elapsed    | 6354     |
|    total_timesteps | 656      |
| train/             |          |
|    actor_loss      | -1.91    |
|    critic_loss     | 0.0128   |
|    ent_coef        | 0.233    |
|    ent_coef_loss   | -6.85    |
|    learning_rate   | 0.0007   |
|    n_updates       | 2220     |
---------------------------------
---------------------------------
| rollout/           |          |
|    ep_len_mean     | 1        |
|    ep_rew_mean     | 152      |
| time/              |          |
|    episodes        | 660      |
|    fps             | 0        |
|    time_elapsed    | 6377     |
|    total_timesteps | 660      |
| train/             |          |
|    actor_loss      | -1.94    |
|    critic_loss     | 0.0124   |
|    ent_coef        | 0.231    |
|    ent_coef_loss   | -6.64    |
|    learning_rate   | 0.0007   |
|    n_updates       | 2236     |
---------------------------------
---------------------------------
| rollout/           |          |
|    ep_len_mean     | 1        |
|    ep_rew_mean     | 153      |
| time/              |          |
|    episodes        | 664      |
|    fps             | 0        |
|    time_elapsed    | 6395     |
|    total_timesteps | 664      |
| train/             |          |
|    actor_loss      | -1.94    |
|    critic_loss     | 0.0129   |
|    ent_coef        | 0.229    |
|    ent_coef_loss   | -6.76    |
|    learning_rate   | 0.0007   |
|    n_updates       | 2252     |
---------------------------------
---------------------------------
| rollout/           |          |
|    ep_len_mean     | 1        |
|    ep_rew_mean     | 153      |
| time/              |          |
|    episodes        | 668      |
|    fps             | 0        |
|    time_elapsed    | 6440     |
|    total_timesteps | 668      |
| train/             |          |
|    actor_loss      | -1.93    |
|    critic_loss     | 0.0163   |
|    ent_coef        | 0.226    |
|    ent_coef_loss   | -6.83    |
|    learning_rate   | 0.0007   |
|    n_updates       | 2268     |
---------------------------------
---------------------------------
| rollout/           |          |
|    ep_len_mean     | 1        |
|    ep_rew_mean     | 152      |
| time/              |          |
|    episodes        | 672      |
|    fps             | 0        |
|    time_elapsed    | 6460     |
|    total_timesteps | 672      |
| train/             |          |
|    actor_loss      | -1.97    |
|    critic_loss     | 0.0201   |
|    ent_coef        | 0.224    |
|    ent_coef_loss   | -6.84    |
|    learning_rate   | 0.0007   |
|    n_updates       | 2284     |
---------------------------------
---------------------------------
| rollout/           |          |
|    ep_len_mean     | 1        |
|    ep_rew_mean     | 152      |
| time/              |          |
|    episodes        | 676      |
|    fps             | 0        |
|    time_elapsed    | 6480     |
|    total_timesteps | 676      |
| train/             |          |
|    actor_loss      | -1.95    |
|    critic_loss     | 0.0172   |
|    ent_coef        | 0.222    |
|    ent_coef_loss   | -6.97    |
|    learning_rate   | 0.0007   |
|    n_updates       | 2300     |
---------------------------------
---------------------------------
| rollout/           |          |
|    ep_len_mean     | 1        |
|    ep_rew_mean     | 153      |
| time/              |          |
|    episodes        | 680      |
|    fps             | 0        |
|    time_elapsed    | 6498     |
|    total_timesteps | 680      |
| train/             |          |
|    actor_loss      | -1.97    |
|    critic_loss     | 0.012    |
|    ent_coef        | 0.22     |
|    ent_coef_loss   | -7.04    |
|    learning_rate   | 0.0007   |
|    n_updates       | 2316     |
---------------------------------
---------------------------------
| rollout/           |          |
|    ep_len_mean     | 1        |
|    ep_rew_mean     | 152      |
| time/              |          |
|    episodes        | 684      |
|    fps             | 0        |
|    time_elapsed    | 6517     |
|    total_timesteps | 684      |
| train/             |          |
|    actor_loss      | -1.96    |
|    critic_loss     | 0.0135   |
|    ent_coef        | 0.218    |
|    ent_coef_loss   | -6.86    |
|    learning_rate   | 0.0007   |
|    n_updates       | 2332     |
---------------------------------
---------------------------------
| rollout/           |          |
|    ep_len_mean     | 1        |
|    ep_rew_mean     | 152      |
| time/              |          |
|    episodes        | 688      |
|    fps             | 0        |
|    time_elapsed    | 6537     |
|    total_timesteps | 688      |
| train/             |          |
|    actor_loss      | -1.97    |
|    critic_loss     | 0.0136   |
|    ent_coef        | 0.216    |
|    ent_coef_loss   | -6.96    |
|    learning_rate   | 0.0007   |
|    n_updates       | 2348     |
---------------------------------
---------------------------------
| rollout/           |          |
|    ep_len_mean     | 1        |
|    ep_rew_mean     | 152      |
| time/              |          |
|    episodes        | 692      |
|    fps             | 0        |
|    time_elapsed    | 6559     |
|    total_timesteps | 692      |
| train/             |          |
|    actor_loss      | -1.93    |
|    critic_loss     | 0.0166   |
|    ent_coef        | 0.214    |
|    ent_coef_loss   | -7.25    |
|    learning_rate   | 0.0007   |
|    n_updates       | 2364     |
---------------------------------
---------------------------------
| rollout/           |          |
|    ep_len_mean     | 1        |
|    ep_rew_mean     | 151      |
| time/              |          |
|    episodes        | 696      |
|    fps             | 0        |
|    time_elapsed    | 6581     |
|    total_timesteps | 696      |
| train/             |          |
|    actor_loss      | -1.94    |
|    critic_loss     | 0.0114   |
|    ent_coef        | 0.212    |
|    ent_coef_loss   | -7.42    |
|    learning_rate   | 0.0007   |
|    n_updates       | 2380     |
---------------------------------
---------------------------------
| rollout/           |          |
|    ep_len_mean     | 1        |
|    ep_rew_mean     | 152      |
| time/              |          |
|    episodes        | 700      |
|    fps             | 0        |
|    time_elapsed    | 6599     |
|    total_timesteps | 700      |
| train/             |          |
|    actor_loss      | -1.95    |
|    critic_loss     | 0.0113   |
|    ent_coef        | 0.21     |
|    ent_coef_loss   | -6.6     |
|    learning_rate   | 0.0007   |
|    n_updates       | 2396     |
---------------------------------
---------------------------------
| rollout/           |          |
|    ep_len_mean     | 1        |
|    ep_rew_mean     | 147      |
| time/              |          |
|    episodes        | 704      |
|    fps             | 0        |
|    time_elapsed    | 6672     |
|    total_timesteps | 704      |
| train/             |          |
|    actor_loss      | -1.94    |
|    critic_loss     | 0.0171   |
|    ent_coef        | 0.208    |
|    ent_coef_loss   | -6.72    |
|    learning_rate   | 0.0007   |
|    n_updates       | 2412     |
---------------------------------
---------------------------------
| rollout/           |          |
|    ep_len_mean     | 1        |
|    ep_rew_mean     | 148      |
| time/              |          |
|    episodes        | 708      |
|    fps             | 0        |
|    time_elapsed    | 6690     |
|    total_timesteps | 708      |
| train/             |          |
|    actor_loss      | -1.95    |
|    critic_loss     | 0.0155   |
|    ent_coef        | 0.206    |
|    ent_coef_loss   | -7.04    |
|    learning_rate   | 0.0007   |
|    n_updates       | 2428     |
---------------------------------
---------------------------------
| rollout/           |          |
|    ep_len_mean     | 1        |
|    ep_rew_mean     | 144      |
| time/              |          |
|    episodes        | 712      |
|    fps             | 0        |
|    time_elapsed    | 6763     |
|    total_timesteps | 712      |
| train/             |          |
|    actor_loss      | -1.96    |
|    critic_loss     | 0.0129   |
|    ent_coef        | 0.204    |
|    ent_coef_loss   | -6.75    |
|    learning_rate   | 0.0007   |
|    n_updates       | 2444     |
---------------------------------
---------------------------------
| rollout/           |          |
|    ep_len_mean     | 1        |
|    ep_rew_mean     | 144      |
| time/              |          |
|    episodes        | 716      |
|    fps             | 0        |
|    time_elapsed    | 6781     |
|    total_timesteps | 716      |
| train/             |          |
|    actor_loss      | -1.94    |
|    critic_loss     | 0.0123   |
|    ent_coef        | 0.202    |
|    ent_coef_loss   | -6.88    |
|    learning_rate   | 0.0007   |
|    n_updates       | 2460     |
---------------------------------
---------------------------------
| rollout/           |          |
|    ep_len_mean     | 1        |
|    ep_rew_mean     | 146      |
| time/              |          |
|    episodes        | 720      |
|    fps             | 0        |
|    time_elapsed    | 6800     |
|    total_timesteps | 720      |
| train/             |          |
|    actor_loss      | -1.96    |
|    critic_loss     | 0.0118   |
|    ent_coef        | 0.2      |
|    ent_coef_loss   | -7.03    |
|    learning_rate   | 0.0007   |
|    n_updates       | 2476     |
---------------------------------
---------------------------------
| rollout/           |          |
|    ep_len_mean     | 1        |
|    ep_rew_mean     | 145      |
| time/              |          |
|    episodes        | 724      |
|    fps             | 0        |
|    time_elapsed    | 6828     |
|    total_timesteps | 724      |
| train/             |          |
|    actor_loss      | -1.96    |
|    critic_loss     | 0.0169   |
|    ent_coef        | 0.198    |
|    ent_coef_loss   | -6.92    |
|    learning_rate   | 0.0007   |
|    n_updates       | 2492     |
---------------------------------
---------------------------------
| rollout/           |          |
|    ep_len_mean     | 1        |
|    ep_rew_mean     | 146      |
| time/              |          |
|    episodes        | 728      |
|    fps             | 0        |
|    time_elapsed    | 6846     |
|    total_timesteps | 728      |
| train/             |          |
|    actor_loss      | -1.96    |
|    critic_loss     | 0.0134   |
|    ent_coef        | 0.197    |
|    ent_coef_loss   | -7.26    |
|    learning_rate   | 0.0007   |
|    n_updates       | 2508     |
---------------------------------
---------------------------------
| rollout/           |          |
|    ep_len_mean     | 1        |
|    ep_rew_mean     | 145      |
| time/              |          |
|    episodes        | 732      |
|    fps             | 0        |
|    time_elapsed    | 6866     |
|    total_timesteps | 732      |
| train/             |          |
|    actor_loss      | -1.96    |
|    critic_loss     | 0.0134   |
|    ent_coef        | 0.195    |
|    ent_coef_loss   | -7.35    |
|    learning_rate   | 0.0007   |
|    n_updates       | 2524     |
---------------------------------
---------------------------------
| rollout/           |          |
|    ep_len_mean     | 1        |
|    ep_rew_mean     | 145      |
| time/              |          |
|    episodes        | 736      |
|    fps             | 0        |
|    time_elapsed    | 6886     |
|    total_timesteps | 736      |
| train/             |          |
|    actor_loss      | -1.94    |
|    critic_loss     | 0.0123   |
|    ent_coef        | 0.193    |
|    ent_coef_loss   | -6.84    |
|    learning_rate   | 0.0007   |
|    n_updates       | 2540     |
---------------------------------
---------------------------------
| rollout/           |          |
|    ep_len_mean     | 1        |
|    ep_rew_mean     | 146      |
| time/              |          |
|    episodes        | 740      |
|    fps             | 0        |
|    time_elapsed    | 6905     |
|    total_timesteps | 740      |
| train/             |          |
|    actor_loss      | -1.99    |
|    critic_loss     | 0.018    |
|    ent_coef        | 0.191    |
|    ent_coef_loss   | -7.16    |
|    learning_rate   | 0.0007   |
|    n_updates       | 2556     |
---------------------------------
---------------------------------
| rollout/           |          |
|    ep_len_mean     | 1        |
|    ep_rew_mean     | 144      |
| time/              |          |
|    episodes        | 744      |
|    fps             | 0        |
|    time_elapsed    | 6951     |
|    total_timesteps | 744      |
| train/             |          |
|    actor_loss      | -1.94    |
|    critic_loss     | 0.0208   |
|    ent_coef        | 0.189    |
|    ent_coef_loss   | -7.4     |
|    learning_rate   | 0.0007   |
|    n_updates       | 2572     |
---------------------------------
---------------------------------
| rollout/           |          |
|    ep_len_mean     | 1        |
|    ep_rew_mean     | 145      |
| time/              |          |
|    episodes        | 748      |
|    fps             | 0        |
|    time_elapsed    | 6970     |
|    total_timesteps | 748      |
| train/             |          |
|    actor_loss      | -1.98    |
|    critic_loss     | 0.0155   |
|    ent_coef        | 0.188    |
|    ent_coef_loss   | -6.96    |
|    learning_rate   | 0.0007   |
|    n_updates       | 2588     |
---------------------------------
---------------------------------
| rollout/           |          |
|    ep_len_mean     | 1        |
|    ep_rew_mean     | 145      |
| time/              |          |
|    episodes        | 752      |
|    fps             | 0        |
|    time_elapsed    | 6988     |
|    total_timesteps | 752      |
| train/             |          |
|    actor_loss      | -1.97    |
|    critic_loss     | 0.016    |
|    ent_coef        | 0.186    |
|    ent_coef_loss   | -7.39    |
|    learning_rate   | 0.0007   |
|    n_updates       | 2604     |
---------------------------------
---------------------------------
| rollout/           |          |
|    ep_len_mean     | 1        |
|    ep_rew_mean     | 143      |
| time/              |          |
|    episodes        | 756      |
|    fps             | 0        |
|    time_elapsed    | 7034     |
|    total_timesteps | 756      |
| train/             |          |
|    actor_loss      | -1.98    |
|    critic_loss     | 0.0189   |
|    ent_coef        | 0.184    |
|    ent_coef_loss   | -7.04    |
|    learning_rate   | 0.0007   |
|    n_updates       | 2620     |
---------------------------------
---------------------------------
| rollout/           |          |
|    ep_len_mean     | 1        |
|    ep_rew_mean     | 145      |
| time/              |          |
|    episodes        | 760      |
|    fps             | 0        |
|    time_elapsed    | 7054     |
|    total_timesteps | 760      |
| train/             |          |
|    actor_loss      | -1.96    |
|    critic_loss     | 0.0108   |
|    ent_coef        | 0.183    |
|    ent_coef_loss   | -7.03    |
|    learning_rate   | 0.0007   |
|    n_updates       | 2636     |
---------------------------------
---------------------------------
| rollout/           |          |
|    ep_len_mean     | 1        |
|    ep_rew_mean     | 145      |
| time/              |          |
|    episodes        | 764      |
|    fps             | 0        |
|    time_elapsed    | 7073     |
|    total_timesteps | 764      |
| train/             |          |
|    actor_loss      | -1.98    |
|    critic_loss     | 0.0181   |
|    ent_coef        | 0.181    |
|    ent_coef_loss   | -6.98    |
|    learning_rate   | 0.0007   |
|    n_updates       | 2652     |
---------------------------------
---------------------------------
| rollout/           |          |
|    ep_len_mean     | 1        |
|    ep_rew_mean     | 145      |
| time/              |          |
|    episodes        | 768      |
|    fps             | 0        |
|    time_elapsed    | 7118     |
|    total_timesteps | 768      |
| train/             |          |
|    actor_loss      | -1.94    |
|    critic_loss     | 0.0232   |
|    ent_coef        | 0.179    |
|    ent_coef_loss   | -6.79    |
|    learning_rate   | 0.0007   |
|    n_updates       | 2668     |
---------------------------------
---------------------------------
| rollout/           |          |
|    ep_len_mean     | 1        |
|    ep_rew_mean     | 145      |
| time/              |          |
|    episodes        | 772      |
|    fps             | 0        |
|    time_elapsed    | 7138     |
|    total_timesteps | 772      |
| train/             |          |
|    actor_loss      | -1.97    |
|    critic_loss     | 0.0232   |
|    ent_coef        | 0.178    |
|    ent_coef_loss   | -6.82    |
|    learning_rate   | 0.0007   |
|    n_updates       | 2684     |
---------------------------------
---------------------------------
| rollout/           |          |
|    ep_len_mean     | 1        |
|    ep_rew_mean     | 145      |
| time/              |          |
|    episodes        | 776      |
|    fps             | 0        |
|    time_elapsed    | 7157     |
|    total_timesteps | 776      |
| train/             |          |
|    actor_loss      | -1.95    |
|    critic_loss     | 0.0164   |
|    ent_coef        | 0.176    |
|    ent_coef_loss   | -6.95    |
|    learning_rate   | 0.0007   |
|    n_updates       | 2700     |
---------------------------------
---------------------------------
| rollout/           |          |
|    ep_len_mean     | 1        |
|    ep_rew_mean     | 145      |
| time/              |          |
|    episodes        | 780      |
|    fps             | 0        |
|    time_elapsed    | 7175     |
|    total_timesteps | 780      |
| train/             |          |
|    actor_loss      | -1.97    |
|    critic_loss     | 0.0159   |
|    ent_coef        | 0.174    |
|    ent_coef_loss   | -7.23    |
|    learning_rate   | 0.0007   |
|    n_updates       | 2716     |
---------------------------------
---------------------------------
| rollout/           |          |
|    ep_len_mean     | 1        |
|    ep_rew_mean     | 144      |
| time/              |          |
|    episodes        | 784      |
|    fps             | 0        |
|    time_elapsed    | 7220     |
|    total_timesteps | 784      |
| train/             |          |
|    actor_loss      | -1.97    |
|    critic_loss     | 0.0187   |
|    ent_coef        | 0.173    |
|    ent_coef_loss   | -7.6     |
|    learning_rate   | 0.0007   |
|    n_updates       | 2732     |
---------------------------------
---------------------------------
| rollout/           |          |
|    ep_len_mean     | 1        |
|    ep_rew_mean     | 143      |
| time/              |          |
|    episodes        | 788      |
|    fps             | 0        |
|    time_elapsed    | 7242     |
|    total_timesteps | 788      |
| train/             |          |
|    actor_loss      | -1.96    |
|    critic_loss     | 0.0155   |
|    ent_coef        | 0.171    |
|    ent_coef_loss   | -7.06    |
|    learning_rate   | 0.0007   |
|    n_updates       | 2748     |
---------------------------------
---------------------------------
| rollout/           |          |
|    ep_len_mean     | 1        |
|    ep_rew_mean     | 144      |
| time/              |          |
|    episodes        | 792      |
|    fps             | 0        |
|    time_elapsed    | 7260     |
|    total_timesteps | 792      |
| train/             |          |
|    actor_loss      | -1.98    |
|    critic_loss     | 0.0237   |
|    ent_coef        | 0.17     |
|    ent_coef_loss   | -7.29    |
|    learning_rate   | 0.0007   |
|    n_updates       | 2764     |
---------------------------------
---------------------------------
| rollout/           |          |
|    ep_len_mean     | 1        |
|    ep_rew_mean     | 145      |
| time/              |          |
|    episodes        | 796      |
|    fps             | 0        |
|    time_elapsed    | 7280     |
|    total_timesteps | 796      |
| train/             |          |
|    actor_loss      | -1.95    |
|    critic_loss     | 0.0188   |
|    ent_coef        | 0.168    |
|    ent_coef_loss   | -7.45    |
|    learning_rate   | 0.0007   |
|    n_updates       | 2780     |
---------------------------------
---------------------------------
| rollout/           |          |
|    ep_len_mean     | 1        |
|    ep_rew_mean     | 144      |
| time/              |          |
|    episodes        | 800      |
|    fps             | 0        |
|    time_elapsed    | 7303     |
|    total_timesteps | 800      |
| train/             |          |
|    actor_loss      | -1.98    |
|    critic_loss     | 0.0153   |
|    ent_coef        | 0.167    |
|    ent_coef_loss   | -7.14    |
|    learning_rate   | 0.0007   |
|    n_updates       | 2796     |
---------------------------------
---------------------------------
| rollout/           |          |
|    ep_len_mean     | 1        |
|    ep_rew_mean     | 148      |
| time/              |          |
|    episodes        | 804      |
|    fps             | 0        |
|    time_elapsed    | 7324     |
|    total_timesteps | 804      |
| train/             |          |
|    actor_loss      | -1.98    |
|    critic_loss     | 0.0131   |
|    ent_coef        | 0.165    |
|    ent_coef_loss   | -6.83    |
|    learning_rate   | 0.0007   |
|    n_updates       | 2812     |
---------------------------------
---------------------------------
| rollout/           |          |
|    ep_len_mean     | 1        |
|    ep_rew_mean     | 148      |
| time/              |          |
|    episodes        | 808      |
|    fps             | 0        |
|    time_elapsed    | 7343     |
|    total_timesteps | 808      |
| train/             |          |
|    actor_loss      | -1.97    |
|    critic_loss     | 0.0167   |
|    ent_coef        | 0.164    |
|    ent_coef_loss   | -7.27    |
|    learning_rate   | 0.0007   |
|    n_updates       | 2828     |
---------------------------------
---------------------------------
| rollout/           |          |
|    ep_len_mean     | 1        |
|    ep_rew_mean     | 153      |
| time/              |          |
|    episodes        | 812      |
|    fps             | 0        |
|    time_elapsed    | 7361     |
|    total_timesteps | 812      |
| train/             |          |
|    actor_loss      | -1.98    |
|    critic_loss     | 0.0167   |
|    ent_coef        | 0.162    |
|    ent_coef_loss   | -7.48    |
|    learning_rate   | 0.0007   |
|    n_updates       | 2844     |
---------------------------------
---------------------------------
| rollout/           |          |
|    ep_len_mean     | 1        |
|    ep_rew_mean     | 153      |
| time/              |          |
|    episodes        | 816      |
|    fps             | 0        |
|    time_elapsed    | 7379     |
|    total_timesteps | 816      |
| train/             |          |
|    actor_loss      | -1.99    |
|    critic_loss     | 0.0176   |
|    ent_coef        | 0.161    |
|    ent_coef_loss   | -7.23    |
|    learning_rate   | 0.0007   |
|    n_updates       | 2860     |
---------------------------------
---------------------------------
| rollout/           |          |
|    ep_len_mean     | 1        |
|    ep_rew_mean     | 153      |
| time/              |          |
|    episodes        | 820      |
|    fps             | 0        |
|    time_elapsed    | 7399     |
|    total_timesteps | 820      |
| train/             |          |
|    actor_loss      | -1.96    |
|    critic_loss     | 0.0161   |
|    ent_coef        | 0.159    |
|    ent_coef_loss   | -7.31    |
|    learning_rate   | 0.0007   |
|    n_updates       | 2876     |
---------------------------------
---------------------------------
| rollout/           |          |
|    ep_len_mean     | 1        |
|    ep_rew_mean     | 154      |
| time/              |          |
|    episodes        | 824      |
|    fps             | 0        |
|    time_elapsed    | 7417     |
|    total_timesteps | 824      |
| train/             |          |
|    actor_loss      | -1.98    |
|    critic_loss     | 0.0142   |
|    ent_coef        | 0.158    |
|    ent_coef_loss   | -6.7     |
|    learning_rate   | 0.0007   |
|    n_updates       | 2892     |
---------------------------------
---------------------------------
| rollout/           |          |
|    ep_len_mean     | 1        |
|    ep_rew_mean     | 154      |
| time/              |          |
|    episodes        | 828      |
|    fps             | 0        |
|    time_elapsed    | 7437     |
|    total_timesteps | 828      |
| train/             |          |
|    actor_loss      | -1.99    |
|    critic_loss     | 0.0157   |
|    ent_coef        | 0.156    |
|    ent_coef_loss   | -7.16    |
|    learning_rate   | 0.0007   |
|    n_updates       | 2908     |
---------------------------------
---------------------------------
| rollout/           |          |
|    ep_len_mean     | 1        |
|    ep_rew_mean     | 154      |
| time/              |          |
|    episodes        | 832      |
|    fps             | 0        |
|    time_elapsed    | 7459     |
|    total_timesteps | 832      |
| train/             |          |
|    actor_loss      | -2       |
|    critic_loss     | 0.0142   |
|    ent_coef        | 0.155    |
|    ent_coef_loss   | -7.23    |
|    learning_rate   | 0.0007   |
|    n_updates       | 2924     |
---------------------------------
---------------------------------
| rollout/           |          |
|    ep_len_mean     | 1        |
|    ep_rew_mean     | 155      |
| time/              |          |
|    episodes        | 836      |
|    fps             | 0        |
|    time_elapsed    | 7480     |
|    total_timesteps | 836      |
| train/             |          |
|    actor_loss      | -2.02    |
|    critic_loss     | 0.0138   |
|    ent_coef        | 0.154    |
|    ent_coef_loss   | -7.32    |
|    learning_rate   | 0.0007   |
|    n_updates       | 2940     |
---------------------------------
---------------------------------
| rollout/           |          |
|    ep_len_mean     | 1        |
|    ep_rew_mean     | 155      |
| time/              |          |
|    episodes        | 840      |
|    fps             | 0        |
|    time_elapsed    | 7500     |
|    total_timesteps | 840      |
| train/             |          |
|    actor_loss      | -2       |
|    critic_loss     | 0.0108   |
|    ent_coef        | 0.152    |
|    ent_coef_loss   | -7.05    |
|    learning_rate   | 0.0007   |
|    n_updates       | 2956     |
---------------------------------
---------------------------------
| rollout/           |          |
|    ep_len_mean     | 1        |
|    ep_rew_mean     | 157      |
| time/              |          |
|    episodes        | 844      |
|    fps             | 0        |
|    time_elapsed    | 7518     |
|    total_timesteps | 844      |
| train/             |          |
|    actor_loss      | -2       |
|    critic_loss     | 0.0142   |
|    ent_coef        | 0.151    |
|    ent_coef_loss   | -7.35    |
|    learning_rate   | 0.0007   |
|    n_updates       | 2972     |
---------------------------------
---------------------------------
| rollout/           |          |
|    ep_len_mean     | 1        |
|    ep_rew_mean     | 157      |
| time/              |          |
|    episodes        | 848      |
|    fps             | 0        |
|    time_elapsed    | 7542     |
|    total_timesteps | 848      |
| train/             |          |
|    actor_loss      | -2.01    |
|    critic_loss     | 0.0157   |
|    ent_coef        | 0.15     |
|    ent_coef_loss   | -8.03    |
|    learning_rate   | 0.0007   |
|    n_updates       | 2988     |
---------------------------------
---------------------------------
| rollout/           |          |
|    ep_len_mean     | 1        |
|    ep_rew_mean     | 156      |
| time/              |          |
|    episodes        | 852      |
|    fps             | 0        |
|    time_elapsed    | 7566     |
|    total_timesteps | 852      |
| train/             |          |
|    actor_loss      | -2.01    |
|    critic_loss     | 0.0126   |
|    ent_coef        | 0.148    |
|    ent_coef_loss   | -7.89    |
|    learning_rate   | 0.0007   |
|    n_updates       | 3004     |
---------------------------------
---------------------------------
| rollout/           |          |
|    ep_len_mean     | 1        |
|    ep_rew_mean     | 158      |
| time/              |          |
|    episodes        | 856      |
|    fps             | 0        |
|    time_elapsed    | 7584     |
|    total_timesteps | 856      |
| train/             |          |
|    actor_loss      | -2.01    |
|    critic_loss     | 0.0155   |
|    ent_coef        | 0.147    |
|    ent_coef_loss   | -7.28    |
|    learning_rate   | 0.0007   |
|    n_updates       | 3020     |
---------------------------------
---------------------------------
| rollout/           |          |
|    ep_len_mean     | 1        |
|    ep_rew_mean     | 158      |
| time/              |          |
|    episodes        | 860      |
|    fps             | 0        |
|    time_elapsed    | 7603     |
|    total_timesteps | 860      |
| train/             |          |
|    actor_loss      | -2       |
|    critic_loss     | 0.0162   |
|    ent_coef        | 0.146    |
|    ent_coef_loss   | -7.35    |
|    learning_rate   | 0.0007   |
|    n_updates       | 3036     |
---------------------------------
---------------------------------
| rollout/           |          |
|    ep_len_mean     | 1        |
|    ep_rew_mean     | 159      |
| time/              |          |
|    episodes        | 864      |
|    fps             | 0        |
|    time_elapsed    | 7622     |
|    total_timesteps | 864      |
| train/             |          |
|    actor_loss      | -2.01    |
|    critic_loss     | 0.0113   |
|    ent_coef        | 0.144    |
|    ent_coef_loss   | -7.19    |
|    learning_rate   | 0.0007   |
|    n_updates       | 3052     |
---------------------------------
---------------------------------
| rollout/           |          |
|    ep_len_mean     | 1        |
|    ep_rew_mean     | 161      |
| time/              |          |
|    episodes        | 868      |
|    fps             | 0        |
|    time_elapsed    | 7640     |
|    total_timesteps | 868      |
| train/             |          |
|    actor_loss      | -2.04    |
|    critic_loss     | 0.0142   |
|    ent_coef        | 0.143    |
|    ent_coef_loss   | -7.15    |
|    learning_rate   | 0.0007   |
|    n_updates       | 3068     |
---------------------------------
---------------------------------
| rollout/           |          |
|    ep_len_mean     | 1        |
|    ep_rew_mean     | 161      |
| time/              |          |
|    episodes        | 872      |
|    fps             | 0        |
|    time_elapsed    | 7659     |
|    total_timesteps | 872      |
| train/             |          |
|    actor_loss      | -2.02    |
|    critic_loss     | 0.0139   |
|    ent_coef        | 0.142    |
|    ent_coef_loss   | -7.25    |
|    learning_rate   | 0.0007   |
|    n_updates       | 3084     |
---------------------------------
---------------------------------
| rollout/           |          |
|    ep_len_mean     | 1        |
|    ep_rew_mean     | 161      |
| time/              |          |
|    episodes        | 876      |
|    fps             | 0        |
|    time_elapsed    | 7679     |
|    total_timesteps | 876      |
| train/             |          |
|    actor_loss      | -2.03    |
|    critic_loss     | 0.0123   |
|    ent_coef        | 0.141    |
|    ent_coef_loss   | -6.79    |
|    learning_rate   | 0.0007   |
|    n_updates       | 3100     |
---------------------------------
---------------------------------
| rollout/           |          |
|    ep_len_mean     | 1        |
|    ep_rew_mean     | 161      |
| time/              |          |
|    episodes        | 880      |
|    fps             | 0        |
|    time_elapsed    | 7698     |
|    total_timesteps | 880      |
| train/             |          |
|    actor_loss      | -2.04    |
|    critic_loss     | 0.0163   |
|    ent_coef        | 0.139    |
|    ent_coef_loss   | -7.46    |
|    learning_rate   | 0.0007   |
|    n_updates       | 3116     |
---------------------------------
---------------------------------
| rollout/           |          |
|    ep_len_mean     | 1        |
|    ep_rew_mean     | 163      |
| time/              |          |
|    episodes        | 884      |
|    fps             | 0        |
|    time_elapsed    | 7717     |
|    total_timesteps | 884      |
| train/             |          |
|    actor_loss      | -2.03    |
|    critic_loss     | 0.0125   |
|    ent_coef        | 0.138    |
|    ent_coef_loss   | -7.5     |
|    learning_rate   | 0.0007   |
|    n_updates       | 3132     |
---------------------------------
---------------------------------
| rollout/           |          |
|    ep_len_mean     | 1        |
|    ep_rew_mean     | 164      |
| time/              |          |
|    episodes        | 888      |
|    fps             | 0        |
|    time_elapsed    | 7736     |
|    total_timesteps | 888      |
| train/             |          |
|    actor_loss      | -2.05    |
|    critic_loss     | 0.00952  |
|    ent_coef        | 0.137    |
|    ent_coef_loss   | -7.25    |
|    learning_rate   | 0.0007   |
|    n_updates       | 3148     |
---------------------------------
---------------------------------
| rollout/           |          |
|    ep_len_mean     | 1        |
|    ep_rew_mean     | 164      |
| time/              |          |
|    episodes        | 892      |
|    fps             | 0        |
|    time_elapsed    | 7754     |
|    total_timesteps | 892      |
| train/             |          |
|    actor_loss      | -2.04    |
|    critic_loss     | 0.0136   |
|    ent_coef        | 0.136    |
|    ent_coef_loss   | -7.1     |
|    learning_rate   | 0.0007   |
|    n_updates       | 3164     |
---------------------------------
---------------------------------
| rollout/           |          |
|    ep_len_mean     | 1        |
|    ep_rew_mean     | 164      |
| time/              |          |
|    episodes        | 896      |
|    fps             | 0        |
|    time_elapsed    | 7773     |
|    total_timesteps | 896      |
| train/             |          |
|    actor_loss      | -2.04    |
|    critic_loss     | 0.0129   |
|    ent_coef        | 0.134    |
|    ent_coef_loss   | -7.26    |
|    learning_rate   | 0.0007   |
|    n_updates       | 3180     |
---------------------------------
---------------------------------
| rollout/           |          |
|    ep_len_mean     | 1        |
|    ep_rew_mean     | 165      |
| time/              |          |
|    episodes        | 900      |
|    fps             | 0        |
|    time_elapsed    | 7794     |
|    total_timesteps | 900      |
| train/             |          |
|    actor_loss      | -2.05    |
|    critic_loss     | 0.0107   |
|    ent_coef        | 0.133    |
|    ent_coef_loss   | -7.17    |
|    learning_rate   | 0.0007   |
|    n_updates       | 3196     |
---------------------------------
---------------------------------
| rollout/           |          |
|    ep_len_mean     | 1        |
|    ep_rew_mean     | 165      |
| time/              |          |
|    episodes        | 904      |
|    fps             | 0        |
|    time_elapsed    | 7814     |
|    total_timesteps | 904      |
| train/             |          |
|    actor_loss      | -2.04    |
|    critic_loss     | 0.014    |
|    ent_coef        | 0.132    |
|    ent_coef_loss   | -6.99    |
|    learning_rate   | 0.0007   |
|    n_updates       | 3212     |
---------------------------------
---------------------------------
| rollout/           |          |
|    ep_len_mean     | 1        |
|    ep_rew_mean     | 165      |
| time/              |          |
|    episodes        | 908      |
|    fps             | 0        |
|    time_elapsed    | 7832     |
|    total_timesteps | 908      |
| train/             |          |
|    actor_loss      | -2.04    |
|    critic_loss     | 0.0112   |
|    ent_coef        | 0.131    |
|    ent_coef_loss   | -7.49    |
|    learning_rate   | 0.0007   |
|    n_updates       | 3228     |
---------------------------------
---------------------------------
| rollout/           |          |
|    ep_len_mean     | 1        |
|    ep_rew_mean     | 166      |
| time/              |          |
|    episodes        | 912      |
|    fps             | 0        |
|    time_elapsed    | 7851     |
|    total_timesteps | 912      |
| train/             |          |
|    actor_loss      | -2.06    |
|    critic_loss     | 0.0142   |
|    ent_coef        | 0.13     |
|    ent_coef_loss   | -7.26    |
|    learning_rate   | 0.0007   |
|    n_updates       | 3244     |
---------------------------------
---------------------------------
| rollout/           |          |
|    ep_len_mean     | 1        |
|    ep_rew_mean     | 165      |
| time/              |          |
|    episodes        | 916      |
|    fps             | 0        |
|    time_elapsed    | 7872     |
|    total_timesteps | 916      |
| train/             |          |
|    actor_loss      | -2.06    |
|    critic_loss     | 0.0107   |
|    ent_coef        | 0.129    |
|    ent_coef_loss   | -7.2     |
|    learning_rate   | 0.0007   |
|    n_updates       | 3260     |
---------------------------------
---------------------------------
| rollout/           |          |
|    ep_len_mean     | 1        |
|    ep_rew_mean     | 166      |
| time/              |          |
|    episodes        | 920      |
|    fps             | 0        |
|    time_elapsed    | 7892     |
|    total_timesteps | 920      |
| train/             |          |
|    actor_loss      | -2.07    |
|    critic_loss     | 0.0121   |
|    ent_coef        | 0.128    |
|    ent_coef_loss   | -7.52    |
|    learning_rate   | 0.0007   |
|    n_updates       | 3276     |
---------------------------------
---------------------------------
| rollout/           |          |
|    ep_len_mean     | 1        |
|    ep_rew_mean     | 166      |
| time/              |          |
|    episodes        | 924      |
|    fps             | 0        |
|    time_elapsed    | 7910     |
|    total_timesteps | 924      |
| train/             |          |
|    actor_loss      | -2.07    |
|    critic_loss     | 0.0123   |
|    ent_coef        | 0.126    |
|    ent_coef_loss   | -7.28    |
|    learning_rate   | 0.0007   |
|    n_updates       | 3292     |
---------------------------------
---------------------------------
| rollout/           |          |
|    ep_len_mean     | 1        |
|    ep_rew_mean     | 164      |
| time/              |          |
|    episodes        | 928      |
|    fps             | 0        |
|    time_elapsed    | 7955     |
|    total_timesteps | 928      |
| train/             |          |
|    actor_loss      | -2.07    |
|    critic_loss     | 0.012    |
|    ent_coef        | 0.125    |
|    ent_coef_loss   | -7.34    |
|    learning_rate   | 0.0007   |
|    n_updates       | 3308     |
---------------------------------
---------------------------------
| rollout/           |          |
|    ep_len_mean     | 1        |
|    ep_rew_mean     | 164      |
| time/              |          |
|    episodes        | 932      |
|    fps             | 0        |
|    time_elapsed    | 7974     |
|    total_timesteps | 932      |
| train/             |          |
|    actor_loss      | -2.08    |
|    critic_loss     | 0.0103   |
|    ent_coef        | 0.124    |
|    ent_coef_loss   | -7.02    |
|    learning_rate   | 0.0007   |
|    n_updates       | 3324     |
---------------------------------
---------------------------------
| rollout/           |          |
|    ep_len_mean     | 1        |
|    ep_rew_mean     | 164      |
| time/              |          |
|    episodes        | 936      |
|    fps             | 0        |
|    time_elapsed    | 7993     |
|    total_timesteps | 936      |
| train/             |          |
|    actor_loss      | -2.08    |
|    critic_loss     | 0.00831  |
|    ent_coef        | 0.123    |
|    ent_coef_loss   | -7.41    |
|    learning_rate   | 0.0007   |
|    n_updates       | 3340     |
---------------------------------
---------------------------------
| rollout/           |          |
|    ep_len_mean     | 1        |
|    ep_rew_mean     | 164      |
| time/              |          |
|    episodes        | 940      |
|    fps             | 0        |
|    time_elapsed    | 8012     |
|    total_timesteps | 940      |
| train/             |          |
|    actor_loss      | -2.1     |
|    critic_loss     | 0.00864  |
|    ent_coef        | 0.122    |
|    ent_coef_loss   | -7.61    |
|    learning_rate   | 0.0007   |
|    n_updates       | 3356     |
---------------------------------
---------------------------------
| rollout/           |          |
|    ep_len_mean     | 1        |
|    ep_rew_mean     | 163      |
| time/              |          |
|    episodes        | 944      |
|    fps             | 0        |
|    time_elapsed    | 8036     |
|    total_timesteps | 944      |
| train/             |          |
|    actor_loss      | -2.06    |
|    critic_loss     | 0.0105   |
|    ent_coef        | 0.121    |
|    ent_coef_loss   | -7.13    |
|    learning_rate   | 0.0007   |
|    n_updates       | 3372     |
---------------------------------
---------------------------------
| rollout/           |          |
|    ep_len_mean     | 1        |
|    ep_rew_mean     | 164      |
| time/              |          |
|    episodes        | 948      |
|    fps             | 0        |
|    time_elapsed    | 8054     |
|    total_timesteps | 948      |
| train/             |          |
|    actor_loss      | -2.08    |
|    critic_loss     | 0.00978  |
|    ent_coef        | 0.12     |
|    ent_coef_loss   | -6.98    |
|    learning_rate   | 0.0007   |
|    n_updates       | 3388     |
---------------------------------
---------------------------------
| rollout/           |          |
|    ep_len_mean     | 1        |
|    ep_rew_mean     | 165      |
| time/              |          |
|    episodes        | 952      |
|    fps             | 0        |
|    time_elapsed    | 8073     |
|    total_timesteps | 952      |
| train/             |          |
|    actor_loss      | -2.08    |
|    critic_loss     | 0.0107   |
|    ent_coef        | 0.119    |
|    ent_coef_loss   | -7.26    |
|    learning_rate   | 0.0007   |
|    n_updates       | 3404     |
---------------------------------
---------------------------------
| rollout/           |          |
|    ep_len_mean     | 1        |
|    ep_rew_mean     | 165      |
| time/              |          |
|    episodes        | 956      |
|    fps             | 0        |
|    time_elapsed    | 8092     |
|    total_timesteps | 956      |
| train/             |          |
|    actor_loss      | -2.1     |
|    critic_loss     | 0.00821  |
|    ent_coef        | 0.118    |
|    ent_coef_loss   | -7.45    |
|    learning_rate   | 0.0007   |
|    n_updates       | 3420     |
---------------------------------
---------------------------------
| rollout/           |          |
|    ep_len_mean     | 1        |
|    ep_rew_mean     | 165      |
| time/              |          |
|    episodes        | 960      |
|    fps             | 0        |
|    time_elapsed    | 8110     |
|    total_timesteps | 960      |
| train/             |          |
|    actor_loss      | -2.1     |
|    critic_loss     | 0.0103   |
|    ent_coef        | 0.117    |
|    ent_coef_loss   | -7.23    |
|    learning_rate   | 0.0007   |
|    n_updates       | 3436     |
---------------------------------
---------------------------------
| rollout/           |          |
|    ep_len_mean     | 1        |
|    ep_rew_mean     | 165      |
| time/              |          |
|    episodes        | 964      |
|    fps             | 0        |
|    time_elapsed    | 8129     |
|    total_timesteps | 964      |
| train/             |          |
|    actor_loss      | -2.09    |
|    critic_loss     | 0.00865  |
|    ent_coef        | 0.116    |
|    ent_coef_loss   | -7.17    |
|    learning_rate   | 0.0007   |
|    n_updates       | 3452     |
---------------------------------
---------------------------------
| rollout/           |          |
|    ep_len_mean     | 1        |
|    ep_rew_mean     | 165      |
| time/              |          |
|    episodes        | 968      |
|    fps             | 0        |
|    time_elapsed    | 8150     |
|    total_timesteps | 968      |
| train/             |          |
|    actor_loss      | -2.1     |
|    critic_loss     | 0.00978  |
|    ent_coef        | 0.115    |
|    ent_coef_loss   | -6.93    |
|    learning_rate   | 0.0007   |
|    n_updates       | 3468     |
---------------------------------
---------------------------------
| rollout/           |          |
|    ep_len_mean     | 1        |
|    ep_rew_mean     | 165      |
| time/              |          |
|    episodes        | 972      |
|    fps             | 0        |
|    time_elapsed    | 8170     |
|    total_timesteps | 972      |
| train/             |          |
|    actor_loss      | -2.11    |
|    critic_loss     | 0.01     |
|    ent_coef        | 0.114    |
|    ent_coef_loss   | -6.69    |
|    learning_rate   | 0.0007   |
|    n_updates       | 3484     |
---------------------------------
---------------------------------
| rollout/           |          |
|    ep_len_mean     | 1        |
|    ep_rew_mean     | 165      |
| time/              |          |
|    episodes        | 976      |
|    fps             | 0        |
|    time_elapsed    | 8188     |
|    total_timesteps | 976      |
| train/             |          |
|    actor_loss      | -2.11    |
|    critic_loss     | 0.00888  |
|    ent_coef        | 0.113    |
|    ent_coef_loss   | -7.51    |
|    learning_rate   | 0.0007   |
|    n_updates       | 3500     |
---------------------------------
---------------------------------
| rollout/           |          |
|    ep_len_mean     | 1        |
|    ep_rew_mean     | 165      |
| time/              |          |
|    episodes        | 980      |
|    fps             | 0        |
|    time_elapsed    | 8207     |
|    total_timesteps | 980      |
| train/             |          |
|    actor_loss      | -2.12    |
|    critic_loss     | 0.00833  |
|    ent_coef        | 0.112    |
|    ent_coef_loss   | -7.2     |
|    learning_rate   | 0.0007   |
|    n_updates       | 3516     |
---------------------------------
---------------------------------
| rollout/           |          |
|    ep_len_mean     | 1        |
|    ep_rew_mean     | 165      |
| time/              |          |
|    episodes        | 984      |
|    fps             | 0        |
|    time_elapsed    | 8226     |
|    total_timesteps | 984      |
| train/             |          |
|    actor_loss      | -2.13    |
|    critic_loss     | 0.0124   |
|    ent_coef        | 0.111    |
|    ent_coef_loss   | -7.38    |
|    learning_rate   | 0.0007   |
|    n_updates       | 3532     |
---------------------------------
---------------------------------
| rollout/           |          |
|    ep_len_mean     | 1        |
|    ep_rew_mean     | 165      |
| time/              |          |
|    episodes        | 988      |
|    fps             | 0        |
|    time_elapsed    | 8246     |
|    total_timesteps | 988      |
| train/             |          |
|    actor_loss      | -2.13    |
|    critic_loss     | 0.00889  |
|    ent_coef        | 0.11     |
|    ent_coef_loss   | -6.74    |
|    learning_rate   | 0.0007   |
|    n_updates       | 3548     |
---------------------------------
---------------------------------
| rollout/           |          |
|    ep_len_mean     | 1        |
|    ep_rew_mean     | 166      |
| time/              |          |
|    episodes        | 992      |
|    fps             | 0        |
|    time_elapsed    | 8265     |
|    total_timesteps | 992      |
| train/             |          |
|    actor_loss      | -2.13    |
|    critic_loss     | 0.00769  |
|    ent_coef        | 0.109    |
|    ent_coef_loss   | -6.95    |
|    learning_rate   | 0.0007   |
|    n_updates       | 3564     |
---------------------------------
---------------------------------
| rollout/           |          |
|    ep_len_mean     | 1        |
|    ep_rew_mean     | 165      |
| time/              |          |
|    episodes        | 996      |
|    fps             | 0        |
|    time_elapsed    | 8286     |
|    total_timesteps | 996      |
| train/             |          |
|    actor_loss      | -2.11    |
|    critic_loss     | 0.00743  |
|    ent_coef        | 0.108    |
|    ent_coef_loss   | -7.45    |
|    learning_rate   | 0.0007   |
|    n_updates       | 3580     |
---------------------------------
---------------------------------
| rollout/           |          |
|    ep_len_mean     | 1        |
|    ep_rew_mean     | 165      |
| time/              |          |
|    episodes        | 1000     |
|    fps             | 0        |
|    time_elapsed    | 8305     |
|    total_timesteps | 1000     |
| train/             |          |
|    actor_loss      | -2.13    |
|    critic_loss     | 0.00829  |
|    ent_coef        | 0.108    |
|    ent_coef_loss   | -6.92    |
|    learning_rate   | 0.0007   |
|    n_updates       | 3596     |
---------------------------------
---------------------------------
| rollout/           |          |
|    ep_len_mean     | 1        |
|    ep_rew_mean     | 166      |
| time/              |          |
|    episodes        | 1004     |
|    fps             | 0        |
|    time_elapsed    | 8325     |
|    total_timesteps | 1004     |
| train/             |          |
|    actor_loss      | -2.14    |
|    critic_loss     | 0.0106   |
|    ent_coef        | 0.107    |
|    ent_coef_loss   | -7.03    |
|    learning_rate   | 0.0007   |
|    n_updates       | 3612     |
---------------------------------
---------------------------------
| rollout/           |          |
|    ep_len_mean     | 1        |
|    ep_rew_mean     | 166      |
| time/              |          |
|    episodes        | 1008     |
|    fps             | 0        |
|    time_elapsed    | 8343     |
|    total_timesteps | 1008     |
| train/             |          |
|    actor_loss      | -2.13    |
|    critic_loss     | 0.0081   |
|    ent_coef        | 0.106    |
|    ent_coef_loss   | -7.28    |
|    learning_rate   | 0.0007   |
|    n_updates       | 3628     |
---------------------------------
---------------------------------
| rollout/           |          |
|    ep_len_mean     | 1        |
|    ep_rew_mean     | 166      |
| time/              |          |
|    episodes        | 1012     |
|    fps             | 0        |
|    time_elapsed    | 8362     |
|    total_timesteps | 1012     |
| train/             |          |
|    actor_loss      | -2.14    |
|    critic_loss     | 0.0086   |
|    ent_coef        | 0.105    |
|    ent_coef_loss   | -6.54    |
|    learning_rate   | 0.0007   |
|    n_updates       | 3644     |
---------------------------------
---------------------------------
| rollout/           |          |
|    ep_len_mean     | 1        |
|    ep_rew_mean     | 166      |
| time/              |          |
|    episodes        | 1016     |
|    fps             | 0        |
|    time_elapsed    | 8380     |
|    total_timesteps | 1016     |
| train/             |          |
|    actor_loss      | -2.13    |
|    critic_loss     | 0.00848  |
|    ent_coef        | 0.104    |
|    ent_coef_loss   | -6.98    |
|    learning_rate   | 0.0007   |
|    n_updates       | 3660     |
---------------------------------
---------------------------------
| rollout/           |          |
|    ep_len_mean     | 1        |
|    ep_rew_mean     | 166      |
| time/              |          |
|    episodes        | 1020     |
|    fps             | 0        |
|    time_elapsed    | 8399     |
|    total_timesteps | 1020     |
| train/             |          |
|    actor_loss      | -2.13    |
|    critic_loss     | 0.00816  |
|    ent_coef        | 0.103    |
|    ent_coef_loss   | -7.05    |
|    learning_rate   | 0.0007   |
|    n_updates       | 3676     |
---------------------------------
---------------------------------
| rollout/           |          |
|    ep_len_mean     | 1        |
|    ep_rew_mean     | 166      |
| time/              |          |
|    episodes        | 1024     |
|    fps             | 0        |
|    time_elapsed    | 8417     |
|    total_timesteps | 1024     |
| train/             |          |
|    actor_loss      | -2.13    |
|    critic_loss     | 0.0077   |
|    ent_coef        | 0.102    |
|    ent_coef_loss   | -6.48    |
|    learning_rate   | 0.0007   |
|    n_updates       | 3692     |
---------------------------------
---------------------------------
| rollout/           |          |
|    ep_len_mean     | 1        |
|    ep_rew_mean     | 168      |
| time/              |          |
|    episodes        | 1028     |
|    fps             | 0        |
|    time_elapsed    | 8436     |
|    total_timesteps | 1028     |
| train/             |          |
|    actor_loss      | -2.13    |
|    critic_loss     | 0.00896  |
|    ent_coef        | 0.102    |
|    ent_coef_loss   | -6.94    |
|    learning_rate   | 0.0007   |
|    n_updates       | 3708     |
---------------------------------
---------------------------------
| rollout/           |          |
|    ep_len_mean     | 1        |
|    ep_rew_mean     | 168      |
| time/              |          |
|    episodes        | 1032     |
|    fps             | 0        |
|    time_elapsed    | 8455     |
|    total_timesteps | 1032     |
| train/             |          |
|    actor_loss      | -2.13    |
|    critic_loss     | 0.00927  |
|    ent_coef        | 0.101    |
|    ent_coef_loss   | -6.94    |
|    learning_rate   | 0.0007   |
|    n_updates       | 3724     |
---------------------------------
---------------------------------
| rollout/           |          |
|    ep_len_mean     | 1        |
|    ep_rew_mean     | 168      |
| time/              |          |
|    episodes        | 1036     |
|    fps             | 0        |
|    time_elapsed    | 8473     |
|    total_timesteps | 1036     |
| train/             |          |
|    actor_loss      | -2.16    |
|    critic_loss     | 0.0076   |
|    ent_coef        | 0.0999   |
|    ent_coef_loss   | -6.85    |
|    learning_rate   | 0.0007   |
|    n_updates       | 3740     |
---------------------------------
---------------------------------
| rollout/           |          |
|    ep_len_mean     | 1        |
|    ep_rew_mean     | 168      |
| time/              |          |
|    episodes        | 1040     |
|    fps             | 0        |
|    time_elapsed    | 8492     |
|    total_timesteps | 1040     |
| train/             |          |
|    actor_loss      | -2.15    |
|    critic_loss     | 0.0075   |
|    ent_coef        | 0.099    |
|    ent_coef_loss   | -7.03    |
|    learning_rate   | 0.0007   |
|    n_updates       | 3756     |
---------------------------------
---------------------------------
| rollout/           |          |
|    ep_len_mean     | 1        |
|    ep_rew_mean     | 169      |
| time/              |          |
|    episodes        | 1044     |
|    fps             | 0        |
|    time_elapsed    | 8510     |
|    total_timesteps | 1044     |
| train/             |          |
|    actor_loss      | -2.18    |
|    critic_loss     | 0.00733  |
|    ent_coef        | 0.0982   |
|    ent_coef_loss   | -6.91    |
|    learning_rate   | 0.0007   |
|    n_updates       | 3772     |
---------------------------------
---------------------------------
| rollout/           |          |
|    ep_len_mean     | 1        |
|    ep_rew_mean     | 169      |
| time/              |          |
|    episodes        | 1048     |
|    fps             | 0        |
|    time_elapsed    | 8529     |
|    total_timesteps | 1048     |
| train/             |          |
|    actor_loss      | -2.18    |
|    critic_loss     | 0.00674  |
|    ent_coef        | 0.0974   |
|    ent_coef_loss   | -6.99    |
|    learning_rate   | 0.0007   |
|    n_updates       | 3788     |
---------------------------------
---------------------------------
| rollout/           |          |
|    ep_len_mean     | 1        |
|    ep_rew_mean     | 169      |
| time/              |          |
|    episodes        | 1052     |
|    fps             | 0        |
|    time_elapsed    | 8548     |
|    total_timesteps | 1052     |
| train/             |          |
|    actor_loss      | -2.17    |
|    critic_loss     | 0.00787  |
|    ent_coef        | 0.0966   |
|    ent_coef_loss   | -6.6     |
|    learning_rate   | 0.0007   |
|    n_updates       | 3804     |
---------------------------------
---------------------------------
| rollout/           |          |
|    ep_len_mean     | 1        |
|    ep_rew_mean     | 169      |
| time/              |          |
|    episodes        | 1056     |
|    fps             | 0        |
|    time_elapsed    | 8567     |
|    total_timesteps | 1056     |
| train/             |          |
|    actor_loss      | -2.18    |
|    critic_loss     | 0.0096   |
|    ent_coef        | 0.0959   |
|    ent_coef_loss   | -6.57    |
|    learning_rate   | 0.0007   |
|    n_updates       | 3820     |
---------------------------------
---------------------------------
| rollout/           |          |
|    ep_len_mean     | 1        |
|    ep_rew_mean     | 169      |
| time/              |          |
|    episodes        | 1060     |
|    fps             | 0        |
|    time_elapsed    | 8585     |
|    total_timesteps | 1060     |
| train/             |          |
|    actor_loss      | -2.17    |
|    critic_loss     | 0.00699  |
|    ent_coef        | 0.0951   |
|    ent_coef_loss   | -6.85    |
|    learning_rate   | 0.0007   |
|    n_updates       | 3836     |
---------------------------------
---------------------------------
| rollout/           |          |
|    ep_len_mean     | 1        |
|    ep_rew_mean     | 169      |
| time/              |          |
|    episodes        | 1064     |
|    fps             | 0        |
|    time_elapsed    | 8604     |
|    total_timesteps | 1064     |
| train/             |          |
|    actor_loss      | -2.17    |
|    critic_loss     | 0.00695  |
|    ent_coef        | 0.0943   |
|    ent_coef_loss   | -6.67    |
|    learning_rate   | 0.0007   |
|    n_updates       | 3852     |
---------------------------------
---------------------------------
| rollout/           |          |
|    ep_len_mean     | 1        |
|    ep_rew_mean     | 170      |
| time/              |          |
|    episodes        | 1068     |
|    fps             | 0        |
|    time_elapsed    | 8622     |
|    total_timesteps | 1068     |
| train/             |          |
|    actor_loss      | -2.17    |
|    critic_loss     | 0.0068   |
|    ent_coef        | 0.0936   |
|    ent_coef_loss   | -7.06    |
|    learning_rate   | 0.0007   |
|    n_updates       | 3868     |
---------------------------------
---------------------------------
| rollout/           |          |
|    ep_len_mean     | 1        |
|    ep_rew_mean     | 170      |
| time/              |          |
|    episodes        | 1072     |
|    fps             | 0        |
|    time_elapsed    | 8640     |
|    total_timesteps | 1072     |
| train/             |          |
|    actor_loss      | -2.19    |
|    critic_loss     | 0.00885  |
|    ent_coef        | 0.0928   |
|    ent_coef_loss   | -6.85    |
|    learning_rate   | 0.0007   |
|    n_updates       | 3884     |
---------------------------------
---------------------------------
| rollout/           |          |
|    ep_len_mean     | 1        |
|    ep_rew_mean     | 170      |
| time/              |          |
|    episodes        | 1076     |
|    fps             | 0        |
|    time_elapsed    | 8658     |
|    total_timesteps | 1076     |
| train/             |          |
|    actor_loss      | -2.19    |
|    critic_loss     | 0.00848  |
|    ent_coef        | 0.0921   |
|    ent_coef_loss   | -6.37    |
|    learning_rate   | 0.0007   |
|    n_updates       | 3900     |
---------------------------------
---------------------------------
| rollout/           |          |
|    ep_len_mean     | 1        |
|    ep_rew_mean     | 170      |
| time/              |          |
|    episodes        | 1080     |
|    fps             | 0        |
|    time_elapsed    | 8676     |
|    total_timesteps | 1080     |
| train/             |          |
|    actor_loss      | -2.18    |
|    critic_loss     | 0.00619  |
|    ent_coef        | 0.0914   |
|    ent_coef_loss   | -6.39    |
|    learning_rate   | 0.0007   |
|    n_updates       | 3916     |
---------------------------------
---------------------------------
| rollout/           |          |
|    ep_len_mean     | 1        |
|    ep_rew_mean     | 171      |
| time/              |          |
|    episodes        | 1084     |
|    fps             | 0        |
|    time_elapsed    | 8695     |
|    total_timesteps | 1084     |
| train/             |          |
|    actor_loss      | -2.19    |
|    critic_loss     | 0.00651  |
|    ent_coef        | 0.0906   |
|    ent_coef_loss   | -6.64    |
|    learning_rate   | 0.0007   |
|    n_updates       | 3932     |
---------------------------------
---------------------------------
| rollout/           |          |
|    ep_len_mean     | 1        |
|    ep_rew_mean     | 169      |
| time/              |          |
|    episodes        | 1088     |
|    fps             | 0        |
|    time_elapsed    | 8738     |
|    total_timesteps | 1088     |
| train/             |          |
|    actor_loss      | -2.19    |
|    critic_loss     | 0.00977  |
|    ent_coef        | 0.0899   |
|    ent_coef_loss   | -6.89    |
|    learning_rate   | 0.0007   |
|    n_updates       | 3948     |
---------------------------------
---------------------------------
| rollout/           |          |
|    ep_len_mean     | 1        |
|    ep_rew_mean     | 169      |
| time/              |          |
|    episodes        | 1092     |
|    fps             | 0        |
|    time_elapsed    | 8755     |
|    total_timesteps | 1092     |
| train/             |          |
|    actor_loss      | -2.21    |
|    critic_loss     | 0.013    |
|    ent_coef        | 0.0892   |
|    ent_coef_loss   | -6.68    |
|    learning_rate   | 0.0007   |
|    n_updates       | 3964     |
---------------------------------
---------------------------------
| rollout/           |          |
|    ep_len_mean     | 1        |
|    ep_rew_mean     | 169      |
| time/              |          |
|    episodes        | 1096     |
|    fps             | 0        |
|    time_elapsed    | 8772     |
|    total_timesteps | 1096     |
| train/             |          |
|    actor_loss      | -2.19    |
|    critic_loss     | 0.00957  |
|    ent_coef        | 0.0885   |
|    ent_coef_loss   | -7.07    |
|    learning_rate   | 0.0007   |
|    n_updates       | 3980     |
---------------------------------
---------------------------------
| rollout/           |          |
|    ep_len_mean     | 1        |
|    ep_rew_mean     | 169      |
| time/              |          |
|    episodes        | 1100     |
|    fps             | 0        |
|    time_elapsed    | 8790     |
|    total_timesteps | 1100     |
| train/             |          |
|    actor_loss      | -2.19    |
|    critic_loss     | 0.00957  |
|    ent_coef        | 0.0878   |
|    ent_coef_loss   | -6.94    |
|    learning_rate   | 0.0007   |
|    n_updates       | 3996     |
---------------------------------
---------------------------------
| rollout/           |          |
|    ep_len_mean     | 1        |
|    ep_rew_mean     | 169      |
| time/              |          |
|    episodes        | 1104     |
|    fps             | 0        |
|    time_elapsed    | 8807     |
|    total_timesteps | 1104     |
| train/             |          |
|    actor_loss      | -2.21    |
|    critic_loss     | 0.0114   |
|    ent_coef        | 0.0871   |
|    ent_coef_loss   | -6.77    |
|    learning_rate   | 0.0007   |
|    n_updates       | 4012     |
---------------------------------
---------------------------------
| rollout/           |          |
|    ep_len_mean     | 1        |
|    ep_rew_mean     | 167      |
| time/              |          |
|    episodes        | 1108     |
|    fps             | 0        |
|    time_elapsed    | 8849     |
|    total_timesteps | 1108     |
| train/             |          |
|    actor_loss      | -2.2     |
|    critic_loss     | 0.00693  |
|    ent_coef        | 0.0864   |
|    ent_coef_loss   | -6.66    |
|    learning_rate   | 0.0007   |
|    n_updates       | 4028     |
---------------------------------
---------------------------------
| rollout/           |          |
|    ep_len_mean     | 1        |
|    ep_rew_mean     | 167      |
| time/              |          |
|    episodes        | 1112     |
|    fps             | 0        |
|    time_elapsed    | 8867     |
|    total_timesteps | 1112     |
| train/             |          |
|    actor_loss      | -2.22    |
|    critic_loss     | 0.00872  |
|    ent_coef        | 0.0857   |
|    ent_coef_loss   | -6.58    |
|    learning_rate   | 0.0007   |
|    n_updates       | 4044     |
---------------------------------
---------------------------------
| rollout/           |          |
|    ep_len_mean     | 1        |
|    ep_rew_mean     | 167      |
| time/              |          |
|    episodes        | 1116     |
|    fps             | 0        |
|    time_elapsed    | 8884     |
|    total_timesteps | 1116     |
| train/             |          |
|    actor_loss      | -2.21    |
|    critic_loss     | 0.00591  |
|    ent_coef        | 0.0851   |
|    ent_coef_loss   | -6.43    |
|    learning_rate   | 0.0007   |
|    n_updates       | 4060     |
---------------------------------
---------------------------------
| rollout/           |          |
|    ep_len_mean     | 1        |
|    ep_rew_mean     | 168      |
| time/              |          |
|    episodes        | 1120     |
|    fps             | 0        |
|    time_elapsed    | 8902     |
|    total_timesteps | 1120     |
| train/             |          |
|    actor_loss      | -2.21    |
|    critic_loss     | 0.00771  |
|    ent_coef        | 0.0844   |
|    ent_coef_loss   | -5.84    |
|    learning_rate   | 0.0007   |
|    n_updates       | 4076     |
---------------------------------
---------------------------------
| rollout/           |          |
|    ep_len_mean     | 1        |
|    ep_rew_mean     | 167      |
| time/              |          |
|    episodes        | 1124     |
|    fps             | 0        |
|    time_elapsed    | 8921     |
|    total_timesteps | 1124     |
| train/             |          |
|    actor_loss      | -2.22    |
|    critic_loss     | 0.0102   |
|    ent_coef        | 0.0838   |
|    ent_coef_loss   | -6.72    |
|    learning_rate   | 0.0007   |
|    n_updates       | 4092     |
---------------------------------
---------------------------------
| rollout/           |          |
|    ep_len_mean     | 1        |
|    ep_rew_mean     | 167      |
| time/              |          |
|    episodes        | 1128     |
|    fps             | 0        |
|    time_elapsed    | 8940     |
|    total_timesteps | 1128     |
| train/             |          |
|    actor_loss      | -2.23    |
|    critic_loss     | 0.0132   |
|    ent_coef        | 0.0831   |
|    ent_coef_loss   | -6.34    |
|    learning_rate   | 0.0007   |
|    n_updates       | 4108     |
---------------------------------
---------------------------------
| rollout/           |          |
|    ep_len_mean     | 1        |
|    ep_rew_mean     | 167      |
| time/              |          |
|    episodes        | 1132     |
|    fps             | 0        |
|    time_elapsed    | 8957     |
|    total_timesteps | 1132     |
| train/             |          |
|    actor_loss      | -2.24    |
|    critic_loss     | 0.00737  |
|    ent_coef        | 0.0825   |
|    ent_coef_loss   | -6.54    |
|    learning_rate   | 0.0007   |
|    n_updates       | 4124     |
---------------------------------
---------------------------------
| rollout/           |          |
|    ep_len_mean     | 1        |
|    ep_rew_mean     | 168      |
| time/              |          |
|    episodes        | 1136     |
|    fps             | 0        |
|    time_elapsed    | 8974     |
|    total_timesteps | 1136     |
| train/             |          |
|    actor_loss      | -2.22    |
|    critic_loss     | 0.007    |
|    ent_coef        | 0.0818   |
|    ent_coef_loss   | -6.6     |
|    learning_rate   | 0.0007   |
|    n_updates       | 4140     |
---------------------------------
---------------------------------
| rollout/           |          |
|    ep_len_mean     | 1        |
|    ep_rew_mean     | 168      |
| time/              |          |
|    episodes        | 1140     |
|    fps             | 0        |
|    time_elapsed    | 8992     |
|    total_timesteps | 1140     |
| train/             |          |
|    actor_loss      | -2.24    |
|    critic_loss     | 0.00832  |
|    ent_coef        | 0.0812   |
|    ent_coef_loss   | -6.86    |
|    learning_rate   | 0.0007   |
|    n_updates       | 4156     |
---------------------------------
---------------------------------
| rollout/           |          |
|    ep_len_mean     | 1        |
|    ep_rew_mean     | 168      |
| time/              |          |
|    episodes        | 1144     |
|    fps             | 0        |
|    time_elapsed    | 9009     |
|    total_timesteps | 1144     |
| train/             |          |
|    actor_loss      | -2.23    |
|    critic_loss     | 0.00975  |
|    ent_coef        | 0.0806   |
|    ent_coef_loss   | -6.54    |
|    learning_rate   | 0.0007   |
|    n_updates       | 4172     |
---------------------------------
---------------------------------
| rollout/           |          |
|    ep_len_mean     | 1        |
|    ep_rew_mean     | 167      |
| time/              |          |
|    episodes        | 1148     |
|    fps             | 0        |
|    time_elapsed    | 9027     |
|    total_timesteps | 1148     |
| train/             |          |
|    actor_loss      | -2.24    |
|    critic_loss     | 0.00898  |
|    ent_coef        | 0.0799   |
|    ent_coef_loss   | -6.53    |
|    learning_rate   | 0.0007   |
|    n_updates       | 4188     |
---------------------------------
---------------------------------
| rollout/           |          |
|    ep_len_mean     | 1        |
|    ep_rew_mean     | 168      |
| time/              |          |
|    episodes        | 1152     |
|    fps             | 0        |
|    time_elapsed    | 9044     |
|    total_timesteps | 1152     |
| train/             |          |
|    actor_loss      | -2.23    |
|    critic_loss     | 0.0135   |
|    ent_coef        | 0.0793   |
|    ent_coef_loss   | -6.83    |
|    learning_rate   | 0.0007   |
|    n_updates       | 4204     |
---------------------------------
---------------------------------
| rollout/           |          |
|    ep_len_mean     | 1        |
|    ep_rew_mean     | 168      |
| time/              |          |
|    episodes        | 1156     |
|    fps             | 0        |
|    time_elapsed    | 9062     |
|    total_timesteps | 1156     |
| train/             |          |
|    actor_loss      | -2.25    |
|    critic_loss     | 0.00868  |
|    ent_coef        | 0.0787   |
|    ent_coef_loss   | -6.54    |
|    learning_rate   | 0.0007   |
|    n_updates       | 4220     |
---------------------------------
---------------------------------
| rollout/           |          |
|    ep_len_mean     | 1        |
|    ep_rew_mean     | 168      |
| time/              |          |
|    episodes        | 1160     |
|    fps             | 0        |
|    time_elapsed    | 9081     |
|    total_timesteps | 1160     |
| train/             |          |
|    actor_loss      | -2.26    |
|    critic_loss     | 0.00935  |
|    ent_coef        | 0.0781   |
|    ent_coef_loss   | -6.1     |
|    learning_rate   | 0.0007   |
|    n_updates       | 4236     |
---------------------------------
---------------------------------
| rollout/           |          |
|    ep_len_mean     | 1        |
|    ep_rew_mean     | 168      |
| time/              |          |
|    episodes        | 1164     |
|    fps             | 0        |
|    time_elapsed    | 9098     |
|    total_timesteps | 1164     |
| train/             |          |
|    actor_loss      | -2.26    |
|    critic_loss     | 0.00783  |
|    ent_coef        | 0.0775   |
|    ent_coef_loss   | -6.65    |
|    learning_rate   | 0.0007   |
|    n_updates       | 4252     |
---------------------------------
---------------------------------
| rollout/           |          |
|    ep_len_mean     | 1        |
|    ep_rew_mean     | 168      |
| time/              |          |
|    episodes        | 1168     |
|    fps             | 0        |
|    time_elapsed    | 9116     |
|    total_timesteps | 1168     |
| train/             |          |
|    actor_loss      | -2.26    |
|    critic_loss     | 0.00921  |
|    ent_coef        | 0.0769   |
|    ent_coef_loss   | -6.16    |
|    learning_rate   | 0.0007   |
|    n_updates       | 4268     |
---------------------------------
---------------------------------
| rollout/           |          |
|    ep_len_mean     | 1        |
|    ep_rew_mean     | 168      |
| time/              |          |
|    episodes        | 1172     |
|    fps             | 0        |
|    time_elapsed    | 9133     |
|    total_timesteps | 1172     |
| train/             |          |
|    actor_loss      | -2.27    |
|    critic_loss     | 0.00796  |
|    ent_coef        | 0.0763   |
|    ent_coef_loss   | -6.15    |
|    learning_rate   | 0.0007   |
|    n_updates       | 4284     |
---------------------------------
---------------------------------
| rollout/           |          |
|    ep_len_mean     | 1        |
|    ep_rew_mean     | 168      |
| time/              |          |
|    episodes        | 1176     |
|    fps             | 0        |
|    time_elapsed    | 9150     |
|    total_timesteps | 1176     |
| train/             |          |
|    actor_loss      | -2.27    |
|    critic_loss     | 0.00862  |
|    ent_coef        | 0.0757   |
|    ent_coef_loss   | -6.5     |
|    learning_rate   | 0.0007   |
|    n_updates       | 4300     |
---------------------------------
---------------------------------
| rollout/           |          |
|    ep_len_mean     | 1        |
|    ep_rew_mean     | 168      |
| time/              |          |
|    episodes        | 1180     |
|    fps             | 0        |
|    time_elapsed    | 9169     |
|    total_timesteps | 1180     |
| train/             |          |
|    actor_loss      | -2.26    |
|    critic_loss     | 0.00719  |
|    ent_coef        | 0.0752   |
|    ent_coef_loss   | -5.86    |
|    learning_rate   | 0.0007   |
|    n_updates       | 4316     |
---------------------------------
---------------------------------
| rollout/           |          |
|    ep_len_mean     | 1        |
|    ep_rew_mean     | 168      |
| time/              |          |
|    episodes        | 1184     |
|    fps             | 0        |
|    time_elapsed    | 9186     |
|    total_timesteps | 1184     |
| train/             |          |
|    actor_loss      | -2.28    |
|    critic_loss     | 0.0117   |
|    ent_coef        | 0.0746   |
|    ent_coef_loss   | -6.18    |
|    learning_rate   | 0.0007   |
|    n_updates       | 4332     |
---------------------------------
---------------------------------
| rollout/           |          |
|    ep_len_mean     | 1        |
|    ep_rew_mean     | 170      |
| time/              |          |
|    episodes        | 1188     |
|    fps             | 0        |
|    time_elapsed    | 9204     |
|    total_timesteps | 1188     |
| train/             |          |
|    actor_loss      | -2.28    |
|    critic_loss     | 0.00753  |
|    ent_coef        | 0.074    |
|    ent_coef_loss   | -6.44    |
|    learning_rate   | 0.0007   |
|    n_updates       | 4348     |
---------------------------------
---------------------------------
| rollout/           |          |
|    ep_len_mean     | 1        |
|    ep_rew_mean     | 170      |
| time/              |          |
|    episodes        | 1192     |
|    fps             | 0        |
|    time_elapsed    | 9221     |
|    total_timesteps | 1192     |
| train/             |          |
|    actor_loss      | -2.28    |
|    critic_loss     | 0.00863  |
|    ent_coef        | 0.0735   |
|    ent_coef_loss   | -6.19    |
|    learning_rate   | 0.0007   |
|    n_updates       | 4364     |
---------------------------------
---------------------------------
| rollout/           |          |
|    ep_len_mean     | 1        |
|    ep_rew_mean     | 170      |
| time/              |          |
|    episodes        | 1196     |
|    fps             | 0        |
|    time_elapsed    | 9239     |
|    total_timesteps | 1196     |
| train/             |          |
|    actor_loss      | -2.29    |
|    critic_loss     | 0.00578  |
|    ent_coef        | 0.0729   |
|    ent_coef_loss   | -5.75    |
|    learning_rate   | 0.0007   |
|    n_updates       | 4380     |
---------------------------------
---------------------------------
| rollout/           |          |
|    ep_len_mean     | 1        |
|    ep_rew_mean     | 170      |
| time/              |          |
|    episodes        | 1200     |
|    fps             | 0        |
|    time_elapsed    | 9258     |
|    total_timesteps | 1200     |
| train/             |          |
|    actor_loss      | -2.29    |
|    critic_loss     | 0.00851  |
|    ent_coef        | 0.0724   |
|    ent_coef_loss   | -5.49    |
|    learning_rate   | 0.0007   |
|    n_updates       | 4396     |
---------------------------------
---------------------------------
| rollout/           |          |
|    ep_len_mean     | 1        |
|    ep_rew_mean     | 170      |
| time/              |          |
|    episodes        | 1204     |
|    fps             | 0        |
|    time_elapsed    | 9276     |
|    total_timesteps | 1204     |
| train/             |          |
|    actor_loss      | -2.27    |
|    critic_loss     | 0.00658  |
|    ent_coef        | 0.0719   |
|    ent_coef_loss   | -5.88    |
|    learning_rate   | 0.0007   |
|    n_updates       | 4412     |
---------------------------------
---------------------------------
| rollout/           |          |
|    ep_len_mean     | 1        |
|    ep_rew_mean     | 172      |
| time/              |          |
|    episodes        | 1208     |
|    fps             | 0        |
|    time_elapsed    | 9294     |
|    total_timesteps | 1208     |
| train/             |          |
|    actor_loss      | -2.29    |
|    critic_loss     | 0.00896  |
|    ent_coef        | 0.0713   |
|    ent_coef_loss   | -6.32    |
|    learning_rate   | 0.0007   |
|    n_updates       | 4428     |
---------------------------------
---------------------------------
| rollout/           |          |
|    ep_len_mean     | 1        |
|    ep_rew_mean     | 172      |
| time/              |          |
|    episodes        | 1212     |
|    fps             | 0        |
|    time_elapsed    | 9313     |
|    total_timesteps | 1212     |
| train/             |          |
|    actor_loss      | -2.3     |
|    critic_loss     | 0.00788  |
|    ent_coef        | 0.0708   |
|    ent_coef_loss   | -6.17    |
|    learning_rate   | 0.0007   |
|    n_updates       | 4444     |
---------------------------------
---------------------------------
| rollout/           |          |
|    ep_len_mean     | 1        |
|    ep_rew_mean     | 172      |
| time/              |          |
|    episodes        | 1216     |
|    fps             | 0        |
|    time_elapsed    | 9331     |
|    total_timesteps | 1216     |
| train/             |          |
|    actor_loss      | -2.29    |
|    critic_loss     | 0.00914  |
|    ent_coef        | 0.0703   |
|    ent_coef_loss   | -5.55    |
|    learning_rate   | 0.0007   |
|    n_updates       | 4460     |
---------------------------------
---------------------------------
| rollout/           |          |
|    ep_len_mean     | 1        |
|    ep_rew_mean     | 172      |
| time/              |          |
|    episodes        | 1220     |
|    fps             | 0        |
|    time_elapsed    | 9348     |
|    total_timesteps | 1220     |
| train/             |          |
|    actor_loss      | -2.31    |
|    critic_loss     | 0.00869  |
|    ent_coef        | 0.0698   |
|    ent_coef_loss   | -6.28    |
|    learning_rate   | 0.0007   |
|    n_updates       | 4476     |
---------------------------------
---------------------------------
| rollout/           |          |
|    ep_len_mean     | 1        |
|    ep_rew_mean     | 172      |
| time/              |          |
|    episodes        | 1224     |
|    fps             | 0        |
|    time_elapsed    | 9368     |
|    total_timesteps | 1224     |
| train/             |          |
|    actor_loss      | -2.31    |
|    critic_loss     | 0.00747  |
|    ent_coef        | 0.0693   |
|    ent_coef_loss   | -5.59    |
|    learning_rate   | 0.0007   |
|    n_updates       | 4492     |
---------------------------------
---------------------------------
| rollout/           |          |
|    ep_len_mean     | 1        |
|    ep_rew_mean     | 173      |
| time/              |          |
|    episodes        | 1228     |
|    fps             | 0        |
|    time_elapsed    | 9388     |
|    total_timesteps | 1228     |
| train/             |          |
|    actor_loss      | -2.32    |
|    critic_loss     | 0.00744  |
|    ent_coef        | 0.0688   |
|    ent_coef_loss   | -6.05    |
|    learning_rate   | 0.0007   |
|    n_updates       | 4508     |
---------------------------------
---------------------------------
| rollout/           |          |
|    ep_len_mean     | 1        |
|    ep_rew_mean     | 173      |
| time/              |          |
|    episodes        | 1232     |
|    fps             | 0        |
|    time_elapsed    | 9408     |
|    total_timesteps | 1232     |
| train/             |          |
|    actor_loss      | -2.31    |
|    critic_loss     | 0.00589  |
|    ent_coef        | 0.0682   |
|    ent_coef_loss   | -5.72    |
|    learning_rate   | 0.0007   |
|    n_updates       | 4524     |
---------------------------------
---------------------------------
| rollout/           |          |
|    ep_len_mean     | 1        |
|    ep_rew_mean     | 173      |
| time/              |          |
|    episodes        | 1236     |
|    fps             | 0        |
|    time_elapsed    | 9429     |
|    total_timesteps | 1236     |
| train/             |          |
|    actor_loss      | -2.31    |
|    critic_loss     | 0.00695  |
|    ent_coef        | 0.0678   |
|    ent_coef_loss   | -5.66    |
|    learning_rate   | 0.0007   |
|    n_updates       | 4540     |
---------------------------------
---------------------------------
| rollout/           |          |
|    ep_len_mean     | 1        |
|    ep_rew_mean     | 173      |
| time/              |          |
|    episodes        | 1240     |
|    fps             | 0        |
|    time_elapsed    | 9449     |
|    total_timesteps | 1240     |
| train/             |          |
|    actor_loss      | -2.32    |
|    critic_loss     | 0.0104   |
|    ent_coef        | 0.0673   |
|    ent_coef_loss   | -5.44    |
|    learning_rate   | 0.0007   |
|    n_updates       | 4556     |
---------------------------------
---------------------------------
| rollout/           |          |
|    ep_len_mean     | 1        |
|    ep_rew_mean     | 173      |
| time/              |          |
|    episodes        | 1244     |
|    fps             | 0        |
|    time_elapsed    | 9469     |
|    total_timesteps | 1244     |
| train/             |          |
|    actor_loss      | -2.33    |
|    critic_loss     | 0.00955  |
|    ent_coef        | 0.0668   |
|    ent_coef_loss   | -5.68    |
|    learning_rate   | 0.0007   |
|    n_updates       | 4572     |
---------------------------------
---------------------------------
| rollout/           |          |
|    ep_len_mean     | 1        |
|    ep_rew_mean     | 173      |
| time/              |          |
|    episodes        | 1248     |
|    fps             | 0        |
|    time_elapsed    | 9489     |
|    total_timesteps | 1248     |
| train/             |          |
|    actor_loss      | -2.34    |
|    critic_loss     | 0.00781  |
|    ent_coef        | 0.0663   |
|    ent_coef_loss   | -5.6     |
|    learning_rate   | 0.0007   |
|    n_updates       | 4588     |
---------------------------------
---------------------------------
| rollout/           |          |
|    ep_len_mean     | 1        |
|    ep_rew_mean     | 173      |
| time/              |          |
|    episodes        | 1252     |
|    fps             | 0        |
|    time_elapsed    | 9510     |
|    total_timesteps | 1252     |
| train/             |          |
|    actor_loss      | -2.32    |
|    critic_loss     | 0.00786  |
|    ent_coef        | 0.0658   |
|    ent_coef_loss   | -5.61    |
|    learning_rate   | 0.0007   |
|    n_updates       | 4604     |
---------------------------------
---------------------------------
| rollout/           |          |
|    ep_len_mean     | 1        |
|    ep_rew_mean     | 173      |
| time/              |          |
|    episodes        | 1256     |
|    fps             | 0        |
|    time_elapsed    | 9530     |
|    total_timesteps | 1256     |
| train/             |          |
|    actor_loss      | -2.32    |
|    critic_loss     | 0.00852  |
|    ent_coef        | 0.0653   |
|    ent_coef_loss   | -5.84    |
|    learning_rate   | 0.0007   |
|    n_updates       | 4620     |
---------------------------------
---------------------------------
| rollout/           |          |
|    ep_len_mean     | 1        |
|    ep_rew_mean     | 174      |
| time/              |          |
|    episodes        | 1260     |
|    fps             | 0        |
|    time_elapsed    | 9550     |
|    total_timesteps | 1260     |
| train/             |          |
|    actor_loss      | -2.35    |
|    critic_loss     | 0.00846  |
|    ent_coef        | 0.0649   |
|    ent_coef_loss   | -5.66    |
|    learning_rate   | 0.0007   |
|    n_updates       | 4636     |
---------------------------------
---------------------------------
| rollout/           |          |
|    ep_len_mean     | 1        |
|    ep_rew_mean     | 174      |
| time/              |          |
|    episodes        | 1264     |
|    fps             | 0        |
|    time_elapsed    | 9570     |
|    total_timesteps | 1264     |
| train/             |          |
|    actor_loss      | -2.34    |
|    critic_loss     | 0.00811  |
|    ent_coef        | 0.0644   |
|    ent_coef_loss   | -5.23    |
|    learning_rate   | 0.0007   |
|    n_updates       | 4652     |
---------------------------------
---------------------------------
| rollout/           |          |
|    ep_len_mean     | 1        |
|    ep_rew_mean     | 174      |
| time/              |          |
|    episodes        | 1268     |
|    fps             | 0        |
|    time_elapsed    | 9591     |
|    total_timesteps | 1268     |
| train/             |          |
|    actor_loss      | -2.33    |
|    critic_loss     | 0.00571  |
|    ent_coef        | 0.064    |
|    ent_coef_loss   | -6       |
|    learning_rate   | 0.0007   |
|    n_updates       | 4668     |
---------------------------------
---------------------------------
| rollout/           |          |
|    ep_len_mean     | 1        |
|    ep_rew_mean     | 174      |
| time/              |          |
|    episodes        | 1272     |
|    fps             | 0        |
|    time_elapsed    | 9612     |
|    total_timesteps | 1272     |
| train/             |          |
|    actor_loss      | -2.35    |
|    critic_loss     | 0.00741  |
|    ent_coef        | 0.0635   |
|    ent_coef_loss   | -5.4     |
|    learning_rate   | 0.0007   |
|    n_updates       | 4684     |
---------------------------------
---------------------------------
| rollout/           |          |
|    ep_len_mean     | 1        |
|    ep_rew_mean     | 174      |
| time/              |          |
|    episodes        | 1276     |
|    fps             | 0        |
|    time_elapsed    | 9632     |
|    total_timesteps | 1276     |
| train/             |          |
|    actor_loss      | -2.35    |
|    critic_loss     | 0.0101   |
|    ent_coef        | 0.063    |
|    ent_coef_loss   | -5.38    |
|    learning_rate   | 0.0007   |
|    n_updates       | 4700     |
---------------------------------
---------------------------------
| rollout/           |          |
|    ep_len_mean     | 1        |
|    ep_rew_mean     | 174      |
| time/              |          |
|    episodes        | 1280     |
|    fps             | 0        |
|    time_elapsed    | 9652     |
|    total_timesteps | 1280     |
| train/             |          |
|    actor_loss      | -2.35    |
|    critic_loss     | 0.00916  |
|    ent_coef        | 0.0626   |
|    ent_coef_loss   | -5.77    |
|    learning_rate   | 0.0007   |
|    n_updates       | 4716     |
---------------------------------
---------------------------------
| rollout/           |          |
|    ep_len_mean     | 1        |
|    ep_rew_mean     | 174      |
| time/              |          |
|    episodes        | 1284     |
|    fps             | 0        |
|    time_elapsed    | 9672     |
|    total_timesteps | 1284     |
| train/             |          |
|    actor_loss      | -2.35    |
|    critic_loss     | 0.00437  |
|    ent_coef        | 0.0621   |
|    ent_coef_loss   | -5.08    |
|    learning_rate   | 0.0007   |
|    n_updates       | 4732     |
---------------------------------
---------------------------------
| rollout/           |          |
|    ep_len_mean     | 1        |
|    ep_rew_mean     | 174      |
| time/              |          |
|    episodes        | 1288     |
|    fps             | 0        |
|    time_elapsed    | 9694     |
|    total_timesteps | 1288     |
| train/             |          |
|    actor_loss      | -2.38    |
|    critic_loss     | 0.00877  |
|    ent_coef        | 0.0617   |
|    ent_coef_loss   | -5.03    |
|    learning_rate   | 0.0007   |
|    n_updates       | 4748     |
---------------------------------
---------------------------------
| rollout/           |          |
|    ep_len_mean     | 1        |
|    ep_rew_mean     | 174      |
| time/              |          |
|    episodes        | 1292     |
|    fps             | 0        |
|    time_elapsed    | 9714     |
|    total_timesteps | 1292     |
| train/             |          |
|    actor_loss      | -2.36    |
|    critic_loss     | 0.00622  |
|    ent_coef        | 0.0613   |
|    ent_coef_loss   | -5.93    |
|    learning_rate   | 0.0007   |
|    n_updates       | 4764     |
---------------------------------
---------------------------------
| rollout/           |          |
|    ep_len_mean     | 1        |
|    ep_rew_mean     | 174      |
| time/              |          |
|    episodes        | 1296     |
|    fps             | 0        |
|    time_elapsed    | 9734     |
|    total_timesteps | 1296     |
| train/             |          |
|    actor_loss      | -2.36    |
|    critic_loss     | 0.00494  |
|    ent_coef        | 0.0609   |
|    ent_coef_loss   | -5.59    |
|    learning_rate   | 0.0007   |
|    n_updates       | 4780     |
---------------------------------
---------------------------------
| rollout/           |          |
|    ep_len_mean     | 1        |
|    ep_rew_mean     | 174      |
| time/              |          |
|    episodes        | 1300     |
|    fps             | 0        |
|    time_elapsed    | 9755     |
|    total_timesteps | 1300     |
| train/             |          |
|    actor_loss      | -2.36    |
|    critic_loss     | 0.01     |
|    ent_coef        | 0.0604   |
|    ent_coef_loss   | -5.13    |
|    learning_rate   | 0.0007   |
|    n_updates       | 4796     |
---------------------------------
---------------------------------
| rollout/           |          |
|    ep_len_mean     | 1        |
|    ep_rew_mean     | 174      |
| time/              |          |
|    episodes        | 1304     |
|    fps             | 0        |
|    time_elapsed    | 9775     |
|    total_timesteps | 1304     |
| train/             |          |
|    actor_loss      | -2.37    |
|    critic_loss     | 0.00598  |
|    ent_coef        | 0.06     |
|    ent_coef_loss   | -5       |
|    learning_rate   | 0.0007   |
|    n_updates       | 4812     |
---------------------------------
---------------------------------
| rollout/           |          |
|    ep_len_mean     | 1        |
|    ep_rew_mean     | 174      |
| time/              |          |
|    episodes        | 1308     |
|    fps             | 0        |
|    time_elapsed    | 9795     |
|    total_timesteps | 1308     |
| train/             |          |
|    actor_loss      | -2.38    |
|    critic_loss     | 0.00567  |
|    ent_coef        | 0.0596   |
|    ent_coef_loss   | -5.29    |
|    learning_rate   | 0.0007   |
|    n_updates       | 4828     |
---------------------------------
---------------------------------
| rollout/           |          |
|    ep_len_mean     | 1        |
|    ep_rew_mean     | 175      |
| time/              |          |
|    episodes        | 1312     |
|    fps             | 0        |
|    time_elapsed    | 9815     |
|    total_timesteps | 1312     |
| train/             |          |
|    actor_loss      | -2.37    |
|    critic_loss     | 0.00502  |
|    ent_coef        | 0.0592   |
|    ent_coef_loss   | -5.25    |
|    learning_rate   | 0.0007   |
|    n_updates       | 4844     |
---------------------------------
---------------------------------
| rollout/           |          |
|    ep_len_mean     | 1        |
|    ep_rew_mean     | 175      |
| time/              |          |
|    episodes        | 1316     |
|    fps             | 0        |
|    time_elapsed    | 9836     |
|    total_timesteps | 1316     |
| train/             |          |
|    actor_loss      | -2.39    |
|    critic_loss     | 0.00549  |
|    ent_coef        | 0.0588   |
|    ent_coef_loss   | -5.38    |
|    learning_rate   | 0.0007   |
|    n_updates       | 4860     |
---------------------------------
---------------------------------
| rollout/           |          |
|    ep_len_mean     | 1        |
|    ep_rew_mean     | 175      |
| time/              |          |
|    episodes        | 1320     |
|    fps             | 0        |
|    time_elapsed    | 9856     |
|    total_timesteps | 1320     |
| train/             |          |
|    actor_loss      | -2.39    |
|    critic_loss     | 0.0081   |
|    ent_coef        | 0.0584   |
|    ent_coef_loss   | -4.72    |
|    learning_rate   | 0.0007   |
|    n_updates       | 4876     |
---------------------------------
---------------------------------
| rollout/           |          |
|    ep_len_mean     | 1        |
|    ep_rew_mean     | 175      |
| time/              |          |
|    episodes        | 1324     |
|    fps             | 0        |
|    time_elapsed    | 9876     |
|    total_timesteps | 1324     |
| train/             |          |
|    actor_loss      | -2.37    |
|    critic_loss     | 0.00528  |
|    ent_coef        | 0.058    |
|    ent_coef_loss   | -5.44    |
|    learning_rate   | 0.0007   |
|    n_updates       | 4892     |
---------------------------------
---------------------------------
| rollout/           |          |
|    ep_len_mean     | 1        |
|    ep_rew_mean     | 175      |
| time/              |          |
|    episodes        | 1328     |
|    fps             | 0        |
|    time_elapsed    | 9897     |
|    total_timesteps | 1328     |
| train/             |          |
|    actor_loss      | -2.38    |
|    critic_loss     | 0.00584  |
|    ent_coef        | 0.0576   |
|    ent_coef_loss   | -4.36    |
|    learning_rate   | 0.0007   |
|    n_updates       | 4908     |
---------------------------------
---------------------------------
| rollout/           |          |
|    ep_len_mean     | 1        |
|    ep_rew_mean     | 175      |
| time/              |          |
|    episodes        | 1332     |
|    fps             | 0        |
|    time_elapsed    | 9917     |
|    total_timesteps | 1332     |
| train/             |          |
|    actor_loss      | -2.39    |
|    critic_loss     | 0.00664  |
|    ent_coef        | 0.0572   |
|    ent_coef_loss   | -4.94    |
|    learning_rate   | 0.0007   |
|    n_updates       | 4924     |
---------------------------------
---------------------------------
| rollout/           |          |
|    ep_len_mean     | 1        |
|    ep_rew_mean     | 175      |
| time/              |          |
|    episodes        | 1336     |
|    fps             | 0        |
|    time_elapsed    | 9936     |
|    total_timesteps | 1336     |
| train/             |          |
|    actor_loss      | -2.4     |
|    critic_loss     | 0.00645  |
|    ent_coef        | 0.0569   |
|    ent_coef_loss   | -4.59    |
|    learning_rate   | 0.0007   |
|    n_updates       | 4940     |
---------------------------------
---------------------------------
| rollout/           |          |
|    ep_len_mean     | 1        |
|    ep_rew_mean     | 175      |
| time/              |          |
|    episodes        | 1340     |
|    fps             | 0        |
|    time_elapsed    | 9954     |
|    total_timesteps | 1340     |
| train/             |          |
|    actor_loss      | -2.39    |
|    critic_loss     | 0.00638  |
|    ent_coef        | 0.0565   |
|    ent_coef_loss   | -4.39    |
|    learning_rate   | 0.0007   |
|    n_updates       | 4956     |
---------------------------------
---------------------------------
| rollout/           |          |
|    ep_len_mean     | 1        |
|    ep_rew_mean     | 175      |
| time/              |          |
|    episodes        | 1344     |
|    fps             | 0        |
|    time_elapsed    | 9973     |
|    total_timesteps | 1344     |
| train/             |          |
|    actor_loss      | -2.41    |
|    critic_loss     | 0.0043   |
|    ent_coef        | 0.0562   |
|    ent_coef_loss   | -4.73    |
|    learning_rate   | 0.0007   |
|    n_updates       | 4972     |
---------------------------------
---------------------------------
| rollout/           |          |
|    ep_len_mean     | 1        |
|    ep_rew_mean     | 175      |
| time/              |          |
|    episodes        | 1348     |
|    fps             | 0        |
|    time_elapsed    | 9993     |
|    total_timesteps | 1348     |
| train/             |          |
|    actor_loss      | -2.4     |
|    critic_loss     | 0.00565  |
|    ent_coef        | 0.0558   |
|    ent_coef_loss   | -5.05    |
|    learning_rate   | 0.0007   |
|    n_updates       | 4988     |
---------------------------------
---------------------------------
| rollout/           |          |
|    ep_len_mean     | 1        |
|    ep_rew_mean     | 175      |
| time/              |          |
|    episodes        | 1352     |
|    fps             | 0        |
|    time_elapsed    | 10012    |
|    total_timesteps | 1352     |
| train/             |          |
|    actor_loss      | -2.42    |
|    critic_loss     | 0.00407  |
|    ent_coef        | 0.0555   |
|    ent_coef_loss   | -4.55    |
|    learning_rate   | 0.0007   |
|    n_updates       | 5004     |
---------------------------------
---------------------------------
| rollout/           |          |
|    ep_len_mean     | 1        |
|    ep_rew_mean     | 174      |
| time/              |          |
|    episodes        | 1356     |
|    fps             | 0        |
|    time_elapsed    | 10032    |
|    total_timesteps | 1356     |
| train/             |          |
|    actor_loss      | -2.42    |
|    critic_loss     | 0.00496  |
|    ent_coef        | 0.0551   |
|    ent_coef_loss   | -4.04    |
|    learning_rate   | 0.0007   |
|    n_updates       | 5020     |
---------------------------------
---------------------------------
| rollout/           |          |
|    ep_len_mean     | 1        |
|    ep_rew_mean     | 174      |
| time/              |          |
|    episodes        | 1360     |
|    fps             | 0        |
|    time_elapsed    | 10050    |
|    total_timesteps | 1360     |
| train/             |          |
|    actor_loss      | -2.42    |
|    critic_loss     | 0.00625  |
|    ent_coef        | 0.0548   |
|    ent_coef_loss   | -4.21    |
|    learning_rate   | 0.0007   |
|    n_updates       | 5036     |
---------------------------------
---------------------------------
| rollout/           |          |
|    ep_len_mean     | 1        |
|    ep_rew_mean     | 175      |
| time/              |          |
|    episodes        | 1364     |
|    fps             | 0        |
|    time_elapsed    | 10069    |
|    total_timesteps | 1364     |
| train/             |          |
|    actor_loss      | -2.43    |
|    critic_loss     | 0.0048   |
|    ent_coef        | 0.0545   |
|    ent_coef_loss   | -3.9     |
|    learning_rate   | 0.0007   |
|    n_updates       | 5052     |
---------------------------------
---------------------------------
| rollout/           |          |
|    ep_len_mean     | 1        |
|    ep_rew_mean     | 175      |
| time/              |          |
|    episodes        | 1368     |
|    fps             | 0        |
|    time_elapsed    | 10087    |
|    total_timesteps | 1368     |
| train/             |          |
|    actor_loss      | -2.43    |
|    critic_loss     | 0.00632  |
|    ent_coef        | 0.0542   |
|    ent_coef_loss   | -4.49    |
|    learning_rate   | 0.0007   |
|    n_updates       | 5068     |
---------------------------------
---------------------------------
| rollout/           |          |
|    ep_len_mean     | 1        |
|    ep_rew_mean     | 175      |
| time/              |          |
|    episodes        | 1372     |
|    fps             | 0        |
|    time_elapsed    | 10105    |
|    total_timesteps | 1372     |
| train/             |          |
|    actor_loss      | -2.42    |
|    critic_loss     | 0.0061   |
|    ent_coef        | 0.0538   |
|    ent_coef_loss   | -3.73    |
|    learning_rate   | 0.0007   |
|    n_updates       | 5084     |
---------------------------------
---------------------------------
| rollout/           |          |
|    ep_len_mean     | 1        |
|    ep_rew_mean     | 175      |
| time/              |          |
|    episodes        | 1376     |
|    fps             | 0        |
|    time_elapsed    | 10123    |
|    total_timesteps | 1376     |
| train/             |          |
|    actor_loss      | -2.45    |
|    critic_loss     | 0.0108   |
|    ent_coef        | 0.0535   |
|    ent_coef_loss   | -4.54    |
|    learning_rate   | 0.0007   |
|    n_updates       | 5100     |
---------------------------------
---------------------------------
| rollout/           |          |
|    ep_len_mean     | 1        |
|    ep_rew_mean     | 175      |
| time/              |          |
|    episodes        | 1380     |
|    fps             | 0        |
|    time_elapsed    | 10142    |
|    total_timesteps | 1380     |
| train/             |          |
|    actor_loss      | -2.42    |
|    critic_loss     | 0.00828  |
|    ent_coef        | 0.0532   |
|    ent_coef_loss   | -3.67    |
|    learning_rate   | 0.0007   |
|    n_updates       | 5116     |
---------------------------------
---------------------------------
| rollout/           |          |
|    ep_len_mean     | 1        |
|    ep_rew_mean     | 175      |
| time/              |          |
|    episodes        | 1384     |
|    fps             | 0        |
|    time_elapsed    | 10160    |
|    total_timesteps | 1384     |
| train/             |          |
|    actor_loss      | -2.43    |
|    critic_loss     | 0.0102   |
|    ent_coef        | 0.0529   |
|    ent_coef_loss   | -4.18    |
|    learning_rate   | 0.0007   |
|    n_updates       | 5132     |
---------------------------------
---------------------------------
| rollout/           |          |
|    ep_len_mean     | 1        |
|    ep_rew_mean     | 175      |
| time/              |          |
|    episodes        | 1388     |
|    fps             | 0        |
|    time_elapsed    | 10178    |
|    total_timesteps | 1388     |
| train/             |          |
|    actor_loss      | -2.45    |
|    critic_loss     | 0.00541  |
|    ent_coef        | 0.0526   |
|    ent_coef_loss   | -3.47    |
|    learning_rate   | 0.0007   |
|    n_updates       | 5148     |
---------------------------------
---------------------------------
| rollout/           |          |
|    ep_len_mean     | 1        |
|    ep_rew_mean     | 175      |
| time/              |          |
|    episodes        | 1392     |
|    fps             | 0        |
|    time_elapsed    | 10196    |
|    total_timesteps | 1392     |
| train/             |          |
|    actor_loss      | -2.43    |
|    critic_loss     | 0.00488  |
|    ent_coef        | 0.0524   |
|    ent_coef_loss   | -4.1     |
|    learning_rate   | 0.0007   |
|    n_updates       | 5164     |
---------------------------------
---------------------------------
| rollout/           |          |
|    ep_len_mean     | 1        |
|    ep_rew_mean     | 175      |
| time/              |          |
|    episodes        | 1396     |
|    fps             | 0        |
|    time_elapsed    | 10214    |
|    total_timesteps | 1396     |
| train/             |          |
|    actor_loss      | -2.45    |
|    critic_loss     | 0.0057   |
|    ent_coef        | 0.0521   |
|    ent_coef_loss   | -4.18    |
|    learning_rate   | 0.0007   |
|    n_updates       | 5180     |
---------------------------------
---------------------------------
| rollout/           |          |
|    ep_len_mean     | 1        |
|    ep_rew_mean     | 175      |
| time/              |          |
|    episodes        | 1400     |
|    fps             | 0        |
|    time_elapsed    | 10231    |
|    total_timesteps | 1400     |
| train/             |          |
|    actor_loss      | -2.46    |
|    critic_loss     | 0.00586  |
|    ent_coef        | 0.0518   |
|    ent_coef_loss   | -3.96    |
|    learning_rate   | 0.0007   |
|    n_updates       | 5196     |
---------------------------------
---------------------------------
| rollout/           |          |
|    ep_len_mean     | 1        |
|    ep_rew_mean     | 175      |
| time/              |          |
|    episodes        | 1404     |
|    fps             | 0        |
|    time_elapsed    | 10250    |
|    total_timesteps | 1404     |
| train/             |          |
|    actor_loss      | -2.45    |
|    critic_loss     | 0.00862  |
|    ent_coef        | 0.0515   |
|    ent_coef_loss   | -3.99    |
|    learning_rate   | 0.0007   |
|    n_updates       | 5212     |
---------------------------------
---------------------------------
| rollout/           |          |
|    ep_len_mean     | 1        |
|    ep_rew_mean     | 175      |
| time/              |          |
|    episodes        | 1408     |
|    fps             | 0        |
|    time_elapsed    | 10268    |
|    total_timesteps | 1408     |
| train/             |          |
|    actor_loss      | -2.47    |
|    critic_loss     | 0.00525  |
|    ent_coef        | 0.0512   |
|    ent_coef_loss   | -3.68    |
|    learning_rate   | 0.0007   |
|    n_updates       | 5228     |
---------------------------------
---------------------------------
| rollout/           |          |
|    ep_len_mean     | 1        |
|    ep_rew_mean     | 175      |
| time/              |          |
|    episodes        | 1412     |
|    fps             | 0        |
|    time_elapsed    | 10286    |
|    total_timesteps | 1412     |
| train/             |          |
|    actor_loss      | -2.45    |
|    critic_loss     | 0.00801  |
|    ent_coef        | 0.0509   |
|    ent_coef_loss   | -3.45    |
|    learning_rate   | 0.0007   |
|    n_updates       | 5244     |
---------------------------------
---------------------------------
| rollout/           |          |
|    ep_len_mean     | 1        |
|    ep_rew_mean     | 175      |
| time/              |          |
|    episodes        | 1416     |
|    fps             | 0        |
|    time_elapsed    | 10305    |
|    total_timesteps | 1416     |
| train/             |          |
|    actor_loss      | -2.43    |
|    critic_loss     | 0.00824  |
|    ent_coef        | 0.0507   |
|    ent_coef_loss   | -4.22    |
|    learning_rate   | 0.0007   |
|    n_updates       | 5260     |
---------------------------------
---------------------------------
| rollout/           |          |
|    ep_len_mean     | 1        |
|    ep_rew_mean     | 175      |
| time/              |          |
|    episodes        | 1420     |
|    fps             | 0        |
|    time_elapsed    | 10323    |
|    total_timesteps | 1420     |
| train/             |          |
|    actor_loss      | -2.45    |
|    critic_loss     | 0.00714  |
|    ent_coef        | 0.0504   |
|    ent_coef_loss   | -3.78    |
|    learning_rate   | 0.0007   |
|    n_updates       | 5276     |
---------------------------------
---------------------------------
| rollout/           |          |
|    ep_len_mean     | 1        |
|    ep_rew_mean     | 175      |
| time/              |          |
|    episodes        | 1424     |
|    fps             | 0        |
|    time_elapsed    | 10341    |
|    total_timesteps | 1424     |
| train/             |          |
|    actor_loss      | -2.48    |
|    critic_loss     | 0.00579  |
|    ent_coef        | 0.0501   |
|    ent_coef_loss   | -3.2     |
|    learning_rate   | 0.0007   |
|    n_updates       | 5292     |
---------------------------------
---------------------------------
| rollout/           |          |
|    ep_len_mean     | 1        |
|    ep_rew_mean     | 175      |
| time/              |          |
|    episodes        | 1428     |
|    fps             | 0        |
|    time_elapsed    | 10359    |
|    total_timesteps | 1428     |
| train/             |          |
|    actor_loss      | -2.47    |
|    critic_loss     | 0.00558  |
|    ent_coef        | 0.0498   |
|    ent_coef_loss   | -4.17    |
|    learning_rate   | 0.0007   |
|    n_updates       | 5308     |
---------------------------------
---------------------------------
| rollout/           |          |
|    ep_len_mean     | 1        |
|    ep_rew_mean     | 175      |
| time/              |          |
|    episodes        | 1432     |
|    fps             | 0        |
|    time_elapsed    | 10378    |
|    total_timesteps | 1432     |
| train/             |          |
|    actor_loss      | -2.48    |
|    critic_loss     | 0.00473  |
|    ent_coef        | 0.0495   |
|    ent_coef_loss   | -2.86    |
|    learning_rate   | 0.0007   |
|    n_updates       | 5324     |
---------------------------------
---------------------------------
| rollout/           |          |
|    ep_len_mean     | 1        |
|    ep_rew_mean     | 175      |
| time/              |          |
|    episodes        | 1436     |
|    fps             | 0        |
|    time_elapsed    | 10396    |
|    total_timesteps | 1436     |
| train/             |          |
|    actor_loss      | -2.48    |
|    critic_loss     | 0.00421  |
|    ent_coef        | 0.0493   |
|    ent_coef_loss   | -4.01    |
|    learning_rate   | 0.0007   |
|    n_updates       | 5340     |
---------------------------------
---------------------------------
| rollout/           |          |
|    ep_len_mean     | 1        |
|    ep_rew_mean     | 175      |
| time/              |          |
|    episodes        | 1440     |
|    fps             | 0        |
|    time_elapsed    | 10415    |
|    total_timesteps | 1440     |
| train/             |          |
|    actor_loss      | -2.49    |
|    critic_loss     | 0.00654  |
|    ent_coef        | 0.049    |
|    ent_coef_loss   | -3.48    |
|    learning_rate   | 0.0007   |
|    n_updates       | 5356     |
---------------------------------
---------------------------------
| rollout/           |          |
|    ep_len_mean     | 1        |
|    ep_rew_mean     | 176      |
| time/              |          |
|    episodes        | 1444     |
|    fps             | 0        |
|    time_elapsed    | 10434    |
|    total_timesteps | 1444     |
| train/             |          |
|    actor_loss      | -2.49    |
|    critic_loss     | 0.00447  |
|    ent_coef        | 0.0488   |
|    ent_coef_loss   | -3.88    |
|    learning_rate   | 0.0007   |
|    n_updates       | 5372     |
---------------------------------
---------------------------------
| rollout/           |          |
|    ep_len_mean     | 1        |
|    ep_rew_mean     | 176      |
| time/              |          |
|    episodes        | 1448     |
|    fps             | 0        |
|    time_elapsed    | 10454    |
|    total_timesteps | 1448     |
| train/             |          |
|    actor_loss      | -2.48    |
|    critic_loss     | 0.0104   |
|    ent_coef        | 0.0485   |
|    ent_coef_loss   | -3.38    |
|    learning_rate   | 0.0007   |
|    n_updates       | 5388     |
---------------------------------
---------------------------------
| rollout/           |          |
|    ep_len_mean     | 1        |
|    ep_rew_mean     | 176      |
| time/              |          |
|    episodes        | 1452     |
|    fps             | 0        |
|    time_elapsed    | 10475    |
|    total_timesteps | 1452     |
| train/             |          |
|    actor_loss      | -2.49    |
|    critic_loss     | 0.0069   |
|    ent_coef        | 0.0482   |
|    ent_coef_loss   | -4       |
|    learning_rate   | 0.0007   |
|    n_updates       | 5404     |
---------------------------------
---------------------------------
| rollout/           |          |
|    ep_len_mean     | 1        |
|    ep_rew_mean     | 176      |
| time/              |          |
|    episodes        | 1456     |
|    fps             | 0        |
|    time_elapsed    | 10497    |
|    total_timesteps | 1456     |
| train/             |          |
|    actor_loss      | -2.49    |
|    critic_loss     | 0.00971  |
|    ent_coef        | 0.048    |
|    ent_coef_loss   | -3.59    |
|    learning_rate   | 0.0007   |
|    n_updates       | 5420     |
---------------------------------
---------------------------------
| rollout/           |          |
|    ep_len_mean     | 1        |
|    ep_rew_mean     | 176      |
| time/              |          |
|    episodes        | 1460     |
|    fps             | 0        |
|    time_elapsed    | 10517    |
|    total_timesteps | 1460     |
| train/             |          |
|    actor_loss      | -2.49    |
|    critic_loss     | 0.00845  |
|    ent_coef        | 0.0477   |
|    ent_coef_loss   | -3.62    |
|    learning_rate   | 0.0007   |
|    n_updates       | 5436     |
---------------------------------
---------------------------------
| rollout/           |          |
|    ep_len_mean     | 1        |
|    ep_rew_mean     | 176      |
| time/              |          |
|    episodes        | 1464     |
|    fps             | 0        |
|    time_elapsed    | 10536    |
|    total_timesteps | 1464     |
| train/             |          |
|    actor_loss      | -2.49    |
|    critic_loss     | 0.00601  |
|    ent_coef        | 0.0475   |
|    ent_coef_loss   | -3.21    |
|    learning_rate   | 0.0007   |
|    n_updates       | 5452     |
---------------------------------
---------------------------------
| rollout/           |          |
|    ep_len_mean     | 1        |
|    ep_rew_mean     | 176      |
| time/              |          |
|    episodes        | 1468     |
|    fps             | 0        |
|    time_elapsed    | 10556    |
|    total_timesteps | 1468     |
| train/             |          |
|    actor_loss      | -2.5     |
|    critic_loss     | 0.00501  |
|    ent_coef        | 0.0472   |
|    ent_coef_loss   | -3.57    |
|    learning_rate   | 0.0007   |
|    n_updates       | 5468     |
---------------------------------
---------------------------------
| rollout/           |          |
|    ep_len_mean     | 1        |
|    ep_rew_mean     | 176      |
| time/              |          |
|    episodes        | 1472     |
|    fps             | 0        |
|    time_elapsed    | 10575    |
|    total_timesteps | 1472     |
| train/             |          |
|    actor_loss      | -2.51    |
|    critic_loss     | 0.0058   |
|    ent_coef        | 0.047    |
|    ent_coef_loss   | -3.05    |
|    learning_rate   | 0.0007   |
|    n_updates       | 5484     |
---------------------------------
---------------------------------
| rollout/           |          |
|    ep_len_mean     | 1        |
|    ep_rew_mean     | 176      |
| time/              |          |
|    episodes        | 1476     |
|    fps             | 0        |
|    time_elapsed    | 10593    |
|    total_timesteps | 1476     |
| train/             |          |
|    actor_loss      | -2.49    |
|    critic_loss     | 0.00899  |
|    ent_coef        | 0.0468   |
|    ent_coef_loss   | -3.49    |
|    learning_rate   | 0.0007   |
|    n_updates       | 5500     |
---------------------------------
---------------------------------
| rollout/           |          |
|    ep_len_mean     | 1        |
|    ep_rew_mean     | 176      |
| time/              |          |
|    episodes        | 1480     |
|    fps             | 0        |
|    time_elapsed    | 10610    |
|    total_timesteps | 1480     |
| train/             |          |
|    actor_loss      | -2.52    |
|    critic_loss     | 0.00599  |
|    ent_coef        | 0.0465   |
|    ent_coef_loss   | -3.5     |
|    learning_rate   | 0.0007   |
|    n_updates       | 5516     |
---------------------------------
---------------------------------
| rollout/           |          |
|    ep_len_mean     | 1        |
|    ep_rew_mean     | 176      |
| time/              |          |
|    episodes        | 1484     |
|    fps             | 0        |
|    time_elapsed    | 10631    |
|    total_timesteps | 1484     |
| train/             |          |
|    actor_loss      | -2.52    |
|    critic_loss     | 0.0085   |
|    ent_coef        | 0.0463   |
|    ent_coef_loss   | -3.27    |
|    learning_rate   | 0.0007   |
|    n_updates       | 5532     |
---------------------------------
---------------------------------
| rollout/           |          |
|    ep_len_mean     | 1        |
|    ep_rew_mean     | 176      |
| time/              |          |
|    episodes        | 1488     |
|    fps             | 0        |
|    time_elapsed    | 10650    |
|    total_timesteps | 1488     |
| train/             |          |
|    actor_loss      | -2.53    |
|    critic_loss     | 0.00475  |
|    ent_coef        | 0.0461   |
|    ent_coef_loss   | -3.07    |
|    learning_rate   | 0.0007   |
|    n_updates       | 5548     |
---------------------------------
---------------------------------
| rollout/           |          |
|    ep_len_mean     | 1        |
|    ep_rew_mean     | 176      |
| time/              |          |
|    episodes        | 1492     |
|    fps             | 0        |
|    time_elapsed    | 10668    |
|    total_timesteps | 1492     |
| train/             |          |
|    actor_loss      | -2.53    |
|    critic_loss     | 0.00809  |
|    ent_coef        | 0.0458   |
|    ent_coef_loss   | -3.7     |
|    learning_rate   | 0.0007   |
|    n_updates       | 5564     |
---------------------------------
---------------------------------
| rollout/           |          |
|    ep_len_mean     | 1        |
|    ep_rew_mean     | 176      |
| time/              |          |
|    episodes        | 1496     |
|    fps             | 0        |
|    time_elapsed    | 10687    |
|    total_timesteps | 1496     |
| train/             |          |
|    actor_loss      | -2.54    |
|    critic_loss     | 0.0054   |
|    ent_coef        | 0.0455   |
|    ent_coef_loss   | -3.58    |
|    learning_rate   | 0.0007   |
|    n_updates       | 5580     |
---------------------------------
---------------------------------
| rollout/           |          |
|    ep_len_mean     | 1        |
|    ep_rew_mean     | 176      |
| time/              |          |
|    episodes        | 1500     |
|    fps             | 0        |
|    time_elapsed    | 10706    |
|    total_timesteps | 1500     |
| train/             |          |
|    actor_loss      | -2.53    |
|    critic_loss     | 0.00671  |
|    ent_coef        | 0.0453   |
|    ent_coef_loss   | -2.8     |
|    learning_rate   | 0.0007   |
|    n_updates       | 5596     |
---------------------------------
---------------------------------
| rollout/           |          |
|    ep_len_mean     | 1        |
|    ep_rew_mean     | 176      |
| time/              |          |
|    episodes        | 1504     |
|    fps             | 0        |
|    time_elapsed    | 10724    |
|    total_timesteps | 1504     |
| train/             |          |
|    actor_loss      | -2.54    |
|    critic_loss     | 0.00553  |
|    ent_coef        | 0.0451   |
|    ent_coef_loss   | -3.06    |
|    learning_rate   | 0.0007   |
|    n_updates       | 5612     |
---------------------------------
---------------------------------
| rollout/           |          |
|    ep_len_mean     | 1        |
|    ep_rew_mean     | 176      |
| time/              |          |
|    episodes        | 1508     |
|    fps             | 0        |
|    time_elapsed    | 10743    |
|    total_timesteps | 1508     |
| train/             |          |
|    actor_loss      | -2.54    |
|    critic_loss     | 0.00453  |
|    ent_coef        | 0.0449   |
|    ent_coef_loss   | -2.35    |
|    learning_rate   | 0.0007   |
|    n_updates       | 5628     |
---------------------------------
---------------------------------
| rollout/           |          |
|    ep_len_mean     | 1        |
|    ep_rew_mean     | 176      |
| time/              |          |
|    episodes        | 1512     |
|    fps             | 0        |
|    time_elapsed    | 10761    |
|    total_timesteps | 1512     |
| train/             |          |
|    actor_loss      | -2.53    |
|    critic_loss     | 0.00923  |
|    ent_coef        | 0.0447   |
|    ent_coef_loss   | -3.29    |
|    learning_rate   | 0.0007   |
|    n_updates       | 5644     |
---------------------------------
---------------------------------
| rollout/           |          |
|    ep_len_mean     | 1        |
|    ep_rew_mean     | 176      |
| time/              |          |
|    episodes        | 1516     |
|    fps             | 0        |
|    time_elapsed    | 10778    |
|    total_timesteps | 1516     |
| train/             |          |
|    actor_loss      | -2.54    |
|    critic_loss     | 0.0129   |
|    ent_coef        | 0.0444   |
|    ent_coef_loss   | -3.62    |
|    learning_rate   | 0.0007   |
|    n_updates       | 5660     |
---------------------------------
---------------------------------
| rollout/           |          |
|    ep_len_mean     | 1        |
|    ep_rew_mean     | 176      |
| time/              |          |
|    episodes        | 1520     |
|    fps             | 0        |
|    time_elapsed    | 10796    |
|    total_timesteps | 1520     |
| train/             |          |
|    actor_loss      | -2.54    |
|    critic_loss     | 0.0055   |
|    ent_coef        | 0.0442   |
|    ent_coef_loss   | -3.78    |
|    learning_rate   | 0.0007   |
|    n_updates       | 5676     |
---------------------------------
---------------------------------
| rollout/           |          |
|    ep_len_mean     | 1        |
|    ep_rew_mean     | 176      |
| time/              |          |
|    episodes        | 1524     |
|    fps             | 0        |
|    time_elapsed    | 10814    |
|    total_timesteps | 1524     |
| train/             |          |
|    actor_loss      | -2.54    |
|    critic_loss     | 0.00699  |
|    ent_coef        | 0.044    |
|    ent_coef_loss   | -4.05    |
|    learning_rate   | 0.0007   |
|    n_updates       | 5692     |
---------------------------------
---------------------------------
| rollout/           |          |
|    ep_len_mean     | 1        |
|    ep_rew_mean     | 176      |
| time/              |          |
|    episodes        | 1528     |
|    fps             | 0        |
|    time_elapsed    | 10831    |
|    total_timesteps | 1528     |
| train/             |          |
|    actor_loss      | -2.56    |
|    critic_loss     | 0.00502  |
|    ent_coef        | 0.0437   |
|    ent_coef_loss   | -3.19    |
|    learning_rate   | 0.0007   |
|    n_updates       | 5708     |
---------------------------------
---------------------------------
| rollout/           |          |
|    ep_len_mean     | 1        |
|    ep_rew_mean     | 176      |
| time/              |          |
|    episodes        | 1532     |
|    fps             | 0        |
|    time_elapsed    | 10849    |
|    total_timesteps | 1532     |
| train/             |          |
|    actor_loss      | -2.56    |
|    critic_loss     | 0.00451  |
|    ent_coef        | 0.0435   |
|    ent_coef_loss   | -3.05    |
|    learning_rate   | 0.0007   |
|    n_updates       | 5724     |
---------------------------------
---------------------------------
| rollout/           |          |
|    ep_len_mean     | 1        |
|    ep_rew_mean     | 176      |
| time/              |          |
|    episodes        | 1536     |
|    fps             | 0        |
|    time_elapsed    | 10867    |
|    total_timesteps | 1536     |
| train/             |          |
|    actor_loss      | -2.55    |
|    critic_loss     | 0.00464  |
|    ent_coef        | 0.0433   |
|    ent_coef_loss   | -2.93    |
|    learning_rate   | 0.0007   |
|    n_updates       | 5740     |
---------------------------------
---------------------------------
| rollout/           |          |
|    ep_len_mean     | 1        |
|    ep_rew_mean     | 176      |
| time/              |          |
|    episodes        | 1540     |
|    fps             | 0        |
|    time_elapsed    | 10885    |
|    total_timesteps | 1540     |
| train/             |          |
|    actor_loss      | -2.55    |
|    critic_loss     | 0.00711  |
|    ent_coef        | 0.0431   |
|    ent_coef_loss   | -2.54    |
|    learning_rate   | 0.0007   |
|    n_updates       | 5756     |
---------------------------------
---------------------------------
| rollout/           |          |
|    ep_len_mean     | 1        |
|    ep_rew_mean     | 176      |
| time/              |          |
|    episodes        | 1544     |
|    fps             | 0        |
|    time_elapsed    | 10902    |
|    total_timesteps | 1544     |
| train/             |          |
|    actor_loss      | -2.55    |
|    critic_loss     | 0.0091   |
|    ent_coef        | 0.0429   |
|    ent_coef_loss   | -2.61    |
|    learning_rate   | 0.0007   |
|    n_updates       | 5772     |
---------------------------------
---------------------------------
| rollout/           |          |
|    ep_len_mean     | 1        |
|    ep_rew_mean     | 176      |
| time/              |          |
|    episodes        | 1548     |
|    fps             | 0        |
|    time_elapsed    | 10920    |
|    total_timesteps | 1548     |
| train/             |          |
|    actor_loss      | -2.56    |
|    critic_loss     | 0.00423  |
|    ent_coef        | 0.0427   |
|    ent_coef_loss   | -2.79    |
|    learning_rate   | 0.0007   |
|    n_updates       | 5788     |
---------------------------------
---------------------------------
| rollout/           |          |
|    ep_len_mean     | 1        |
|    ep_rew_mean     | 176      |
| time/              |          |
|    episodes        | 1552     |
|    fps             | 0        |
|    time_elapsed    | 10938    |
|    total_timesteps | 1552     |
| train/             |          |
|    actor_loss      | -2.56    |
|    critic_loss     | 0.00451  |
|    ent_coef        | 0.0425   |
|    ent_coef_loss   | -2.43    |
|    learning_rate   | 0.0007   |
|    n_updates       | 5804     |
---------------------------------
---------------------------------
| rollout/           |          |
|    ep_len_mean     | 1        |
|    ep_rew_mean     | 177      |
| time/              |          |
|    episodes        | 1556     |
|    fps             | 0        |
|    time_elapsed    | 10956    |
|    total_timesteps | 1556     |
| train/             |          |
|    actor_loss      | -2.57    |
|    critic_loss     | 0.00438  |
|    ent_coef        | 0.0423   |
|    ent_coef_loss   | -2.31    |
|    learning_rate   | 0.0007   |
|    n_updates       | 5820     |
---------------------------------
---------------------------------
| rollout/           |          |
|    ep_len_mean     | 1        |
|    ep_rew_mean     | 176      |
| time/              |          |
|    episodes        | 1560     |
|    fps             | 0        |
|    time_elapsed    | 10975    |
|    total_timesteps | 1560     |
| train/             |          |
|    actor_loss      | -2.57    |
|    critic_loss     | 0.00939  |
|    ent_coef        | 0.0421   |
|    ent_coef_loss   | -3.13    |
|    learning_rate   | 0.0007   |
|    n_updates       | 5836     |
---------------------------------
---------------------------------
| rollout/           |          |
|    ep_len_mean     | 1        |
|    ep_rew_mean     | 176      |
| time/              |          |
|    episodes        | 1564     |
|    fps             | 0        |
|    time_elapsed    | 10992    |
|    total_timesteps | 1564     |
| train/             |          |
|    actor_loss      | -2.57    |
|    critic_loss     | 0.0101   |
|    ent_coef        | 0.0419   |
|    ent_coef_loss   | -1.99    |
|    learning_rate   | 0.0007   |
|    n_updates       | 5852     |
---------------------------------
---------------------------------
| rollout/           |          |
|    ep_len_mean     | 1        |
|    ep_rew_mean     | 177      |
| time/              |          |
|    episodes        | 1568     |
|    fps             | 0        |
|    time_elapsed    | 11010    |
|    total_timesteps | 1568     |
| train/             |          |
|    actor_loss      | -2.58    |
|    critic_loss     | 0.0101   |
|    ent_coef        | 0.0417   |
|    ent_coef_loss   | -2.61    |
|    learning_rate   | 0.0007   |
|    n_updates       | 5868     |
---------------------------------
---------------------------------
| rollout/           |          |
|    ep_len_mean     | 1        |
|    ep_rew_mean     | 177      |
| time/              |          |
|    episodes        | 1572     |
|    fps             | 0        |
|    time_elapsed    | 11028    |
|    total_timesteps | 1572     |
| train/             |          |
|    actor_loss      | -2.59    |
|    critic_loss     | 0.00679  |
|    ent_coef        | 0.0415   |
|    ent_coef_loss   | -3.15    |
|    learning_rate   | 0.0007   |
|    n_updates       | 5884     |
---------------------------------
---------------------------------
| rollout/           |          |
|    ep_len_mean     | 1        |
|    ep_rew_mean     | 177      |
| time/              |          |
|    episodes        | 1576     |
|    fps             | 0        |
|    time_elapsed    | 11046    |
|    total_timesteps | 1576     |
| train/             |          |
|    actor_loss      | -2.57    |
|    critic_loss     | 0.00677  |
|    ent_coef        | 0.0413   |
|    ent_coef_loss   | -1.86    |
|    learning_rate   | 0.0007   |
|    n_updates       | 5900     |
---------------------------------
---------------------------------
| rollout/           |          |
|    ep_len_mean     | 1        |
|    ep_rew_mean     | 177      |
| time/              |          |
|    episodes        | 1580     |
|    fps             | 0        |
|    time_elapsed    | 11064    |
|    total_timesteps | 1580     |
| train/             |          |
|    actor_loss      | -2.59    |
|    critic_loss     | 0.00633  |
|    ent_coef        | 0.0411   |
|    ent_coef_loss   | -3.05    |
|    learning_rate   | 0.0007   |
|    n_updates       | 5916     |
---------------------------------
---------------------------------
| rollout/           |          |
|    ep_len_mean     | 1        |
|    ep_rew_mean     | 177      |
| time/              |          |
|    episodes        | 1584     |
|    fps             | 0        |
|    time_elapsed    | 11082    |
|    total_timesteps | 1584     |
| train/             |          |
|    actor_loss      | -2.59    |
|    critic_loss     | 0.00658  |
|    ent_coef        | 0.041    |
|    ent_coef_loss   | -1.83    |
|    learning_rate   | 0.0007   |
|    n_updates       | 5932     |
---------------------------------
---------------------------------
| rollout/           |          |
|    ep_len_mean     | 1        |
|    ep_rew_mean     | 177      |
| time/              |          |
|    episodes        | 1588     |
|    fps             | 0        |
|    time_elapsed    | 11100    |
|    total_timesteps | 1588     |
| train/             |          |
|    actor_loss      | -2.58    |
|    critic_loss     | 0.00676  |
|    ent_coef        | 0.0408   |
|    ent_coef_loss   | -2.22    |
|    learning_rate   | 0.0007   |
|    n_updates       | 5948     |
---------------------------------
---------------------------------
| rollout/           |          |
|    ep_len_mean     | 1        |
|    ep_rew_mean     | 177      |
| time/              |          |
|    episodes        | 1592     |
|    fps             | 0        |
|    time_elapsed    | 11118    |
|    total_timesteps | 1592     |
| train/             |          |
|    actor_loss      | -2.59    |
|    critic_loss     | 0.00874  |
|    ent_coef        | 0.0406   |
|    ent_coef_loss   | -2.61    |
|    learning_rate   | 0.0007   |
|    n_updates       | 5964     |
---------------------------------
---------------------------------
| rollout/           |          |
|    ep_len_mean     | 1        |
|    ep_rew_mean     | 177      |
| time/              |          |
|    episodes        | 1596     |
|    fps             | 0        |
|    time_elapsed    | 11136    |
|    total_timesteps | 1596     |
| train/             |          |
|    actor_loss      | -2.6     |
|    critic_loss     | 0.00477  |
|    ent_coef        | 0.0404   |
|    ent_coef_loss   | -2.76    |
|    learning_rate   | 0.0007   |
|    n_updates       | 5980     |
---------------------------------
---------------------------------
| rollout/           |          |
|    ep_len_mean     | 1        |
|    ep_rew_mean     | 177      |
| time/              |          |
|    episodes        | 1600     |
|    fps             | 0        |
|    time_elapsed    | 11154    |
|    total_timesteps | 1600     |
| train/             |          |
|    actor_loss      | -2.59    |
|    critic_loss     | 0.00735  |
|    ent_coef        | 0.0402   |
|    ent_coef_loss   | -3.11    |
|    learning_rate   | 0.0007   |
|    n_updates       | 5996     |
---------------------------------
---------------------------------
| rollout/           |          |
|    ep_len_mean     | 1        |
|    ep_rew_mean     | 177      |
| time/              |          |
|    episodes        | 1604     |
|    fps             | 0        |
|    time_elapsed    | 11172    |
|    total_timesteps | 1604     |
| train/             |          |
|    actor_loss      | -2.59    |
|    critic_loss     | 0.00588  |
|    ent_coef        | 0.04     |
|    ent_coef_loss   | -2.43    |
|    learning_rate   | 0.0007   |
|    n_updates       | 6012     |
---------------------------------
---------------------------------
| rollout/           |          |
|    ep_len_mean     | 1        |
|    ep_rew_mean     | 177      |
| time/              |          |
|    episodes        | 1608     |
|    fps             | 0        |
|    time_elapsed    | 11189    |
|    total_timesteps | 1608     |
| train/             |          |
|    actor_loss      | -2.6     |
|    critic_loss     | 0.00632  |
|    ent_coef        | 0.0398   |
|    ent_coef_loss   | -1.95    |
|    learning_rate   | 0.0007   |
|    n_updates       | 6028     |
---------------------------------
---------------------------------
| rollout/           |          |
|    ep_len_mean     | 1        |
|    ep_rew_mean     | 177      |
| time/              |          |
|    episodes        | 1612     |
|    fps             | 0        |
|    time_elapsed    | 11208    |
|    total_timesteps | 1612     |
| train/             |          |
|    actor_loss      | -2.61    |
|    critic_loss     | 0.00631  |
|    ent_coef        | 0.0397   |
|    ent_coef_loss   | -2.22    |
|    learning_rate   | 0.0007   |
|    n_updates       | 6044     |
---------------------------------
---------------------------------
| rollout/           |          |
|    ep_len_mean     | 1        |
|    ep_rew_mean     | 177      |
| time/              |          |
|    episodes        | 1616     |
|    fps             | 0        |
|    time_elapsed    | 11226    |
|    total_timesteps | 1616     |
| train/             |          |
|    actor_loss      | -2.6     |
|    critic_loss     | 0.00741  |
|    ent_coef        | 0.0395   |
|    ent_coef_loss   | -1.74    |
|    learning_rate   | 0.0007   |
|    n_updates       | 6060     |
---------------------------------
---------------------------------
| rollout/           |          |
|    ep_len_mean     | 1        |
|    ep_rew_mean     | 177      |
| time/              |          |
|    episodes        | 1620     |
|    fps             | 0        |
|    time_elapsed    | 11243    |
|    total_timesteps | 1620     |
| train/             |          |
|    actor_loss      | -2.6     |
|    critic_loss     | 0.00467  |
|    ent_coef        | 0.0393   |
|    ent_coef_loss   | -2.58    |
|    learning_rate   | 0.0007   |
|    n_updates       | 6076     |
---------------------------------
---------------------------------
| rollout/           |          |
|    ep_len_mean     | 1        |
|    ep_rew_mean     | 177      |
| time/              |          |
|    episodes        | 1624     |
|    fps             | 0        |
|    time_elapsed    | 11261    |
|    total_timesteps | 1624     |
| train/             |          |
|    actor_loss      | -2.63    |
|    critic_loss     | 0.00446  |
|    ent_coef        | 0.0391   |
|    ent_coef_loss   | -2.04    |
|    learning_rate   | 0.0007   |
|    n_updates       | 6092     |
---------------------------------
---------------------------------
| rollout/           |          |
|    ep_len_mean     | 1        |
|    ep_rew_mean     | 177      |
| time/              |          |
|    episodes        | 1628     |
|    fps             | 0        |
|    time_elapsed    | 11279    |
|    total_timesteps | 1628     |
| train/             |          |
|    actor_loss      | -2.62    |
|    critic_loss     | 0.00608  |
|    ent_coef        | 0.039    |
|    ent_coef_loss   | -2.34    |
|    learning_rate   | 0.0007   |
|    n_updates       | 6108     |
---------------------------------
---------------------------------
| rollout/           |          |
|    ep_len_mean     | 1        |
|    ep_rew_mean     | 177      |
| time/              |          |
|    episodes        | 1632     |
|    fps             | 0        |
|    time_elapsed    | 11297    |
|    total_timesteps | 1632     |
| train/             |          |
|    actor_loss      | -2.63    |
|    critic_loss     | 0.00461  |
|    ent_coef        | 0.0388   |
|    ent_coef_loss   | -2.13    |
|    learning_rate   | 0.0007   |
|    n_updates       | 6124     |
---------------------------------
---------------------------------
| rollout/           |          |
|    ep_len_mean     | 1        |
|    ep_rew_mean     | 177      |
| time/              |          |
|    episodes        | 1636     |
|    fps             | 0        |
|    time_elapsed    | 11314    |
|    total_timesteps | 1636     |
| train/             |          |
|    actor_loss      | -2.63    |
|    critic_loss     | 0.00459  |
|    ent_coef        | 0.0387   |
|    ent_coef_loss   | -2       |
|    learning_rate   | 0.0007   |
|    n_updates       | 6140     |
---------------------------------
---------------------------------
| rollout/           |          |
|    ep_len_mean     | 1        |
|    ep_rew_mean     | 177      |
| time/              |          |
|    episodes        | 1640     |
|    fps             | 0        |
|    time_elapsed    | 11332    |
|    total_timesteps | 1640     |
| train/             |          |
|    actor_loss      | -2.63    |
|    critic_loss     | 0.00588  |
|    ent_coef        | 0.0385   |
|    ent_coef_loss   | -2.26    |
|    learning_rate   | 0.0007   |
|    n_updates       | 6156     |
---------------------------------
---------------------------------
| rollout/           |          |
|    ep_len_mean     | 1        |
|    ep_rew_mean     | 177      |
| time/              |          |
|    episodes        | 1644     |
|    fps             | 0        |
|    time_elapsed    | 11350    |
|    total_timesteps | 1644     |
| train/             |          |
|    actor_loss      | -2.63    |
|    critic_loss     | 0.00622  |
|    ent_coef        | 0.0383   |
|    ent_coef_loss   | -2.81    |
|    learning_rate   | 0.0007   |
|    n_updates       | 6172     |
---------------------------------
---------------------------------
| rollout/           |          |
|    ep_len_mean     | 1        |
|    ep_rew_mean     | 177      |
| time/              |          |
|    episodes        | 1648     |
|    fps             | 0        |
|    time_elapsed    | 11368    |
|    total_timesteps | 1648     |
| train/             |          |
|    actor_loss      | -2.64    |
|    critic_loss     | 0.00426  |
|    ent_coef        | 0.0381   |
|    ent_coef_loss   | -1.39    |
|    learning_rate   | 0.0007   |
|    n_updates       | 6188     |
---------------------------------
---------------------------------
| rollout/           |          |
|    ep_len_mean     | 1        |
|    ep_rew_mean     | 177      |
| time/              |          |
|    episodes        | 1652     |
|    fps             | 0        |
|    time_elapsed    | 11385    |
|    total_timesteps | 1652     |
| train/             |          |
|    actor_loss      | -2.64    |
|    critic_loss     | 0.00851  |
|    ent_coef        | 0.038    |
|    ent_coef_loss   | -1.99    |
|    learning_rate   | 0.0007   |
|    n_updates       | 6204     |
---------------------------------
---------------------------------
| rollout/           |          |
|    ep_len_mean     | 1        |
|    ep_rew_mean     | 177      |
| time/              |          |
|    episodes        | 1656     |
|    fps             | 0        |
|    time_elapsed    | 11403    |
|    total_timesteps | 1656     |
| train/             |          |
|    actor_loss      | -2.65    |
|    critic_loss     | 0.00536  |
|    ent_coef        | 0.0379   |
|    ent_coef_loss   | -2.87    |
|    learning_rate   | 0.0007   |
|    n_updates       | 6220     |
---------------------------------
---------------------------------
| rollout/           |          |
|    ep_len_mean     | 1        |
|    ep_rew_mean     | 177      |
| time/              |          |
|    episodes        | 1660     |
|    fps             | 0        |
|    time_elapsed    | 11420    |
|    total_timesteps | 1660     |
| train/             |          |
|    actor_loss      | -2.67    |
|    critic_loss     | 0.00683  |
|    ent_coef        | 0.0377   |
|    ent_coef_loss   | -1.96    |
|    learning_rate   | 0.0007   |
|    n_updates       | 6236     |
---------------------------------
---------------------------------
| rollout/           |          |
|    ep_len_mean     | 1        |
|    ep_rew_mean     | 177      |
| time/              |          |
|    episodes        | 1664     |
|    fps             | 0        |
|    time_elapsed    | 11438    |
|    total_timesteps | 1664     |
| train/             |          |
|    actor_loss      | -2.65    |
|    critic_loss     | 0.00747  |
|    ent_coef        | 0.0376   |
|    ent_coef_loss   | -1.35    |
|    learning_rate   | 0.0007   |
|    n_updates       | 6252     |
---------------------------------
---------------------------------
| rollout/           |          |
|    ep_len_mean     | 1        |
|    ep_rew_mean     | 177      |
| time/              |          |
|    episodes        | 1668     |
|    fps             | 0        |
|    time_elapsed    | 11456    |
|    total_timesteps | 1668     |
| train/             |          |
|    actor_loss      | -2.65    |
|    critic_loss     | 0.00755  |
|    ent_coef        | 0.0374   |
|    ent_coef_loss   | -1.79    |
|    learning_rate   | 0.0007   |
|    n_updates       | 6268     |
---------------------------------
---------------------------------
| rollout/           |          |
|    ep_len_mean     | 1        |
|    ep_rew_mean     | 177      |
| time/              |          |
|    episodes        | 1672     |
|    fps             | 0        |
|    time_elapsed    | 11473    |
|    total_timesteps | 1672     |
| train/             |          |
|    actor_loss      | -2.66    |
|    critic_loss     | 0.00412  |
|    ent_coef        | 0.0373   |
|    ent_coef_loss   | -1.43    |
|    learning_rate   | 0.0007   |
|    n_updates       | 6284     |
---------------------------------
---------------------------------
| rollout/           |          |
|    ep_len_mean     | 1        |
|    ep_rew_mean     | 177      |
| time/              |          |
|    episodes        | 1676     |
|    fps             | 0        |
|    time_elapsed    | 11492    |
|    total_timesteps | 1676     |
| train/             |          |
|    actor_loss      | -2.66    |
|    critic_loss     | 0.00707  |
|    ent_coef        | 0.0372   |
|    ent_coef_loss   | -2.32    |
|    learning_rate   | 0.0007   |
|    n_updates       | 6300     |
---------------------------------
---------------------------------
| rollout/           |          |
|    ep_len_mean     | 1        |
|    ep_rew_mean     | 177      |
| time/              |          |
|    episodes        | 1680     |
|    fps             | 0        |
|    time_elapsed    | 11510    |
|    total_timesteps | 1680     |
| train/             |          |
|    actor_loss      | -2.66    |
|    critic_loss     | 0.00711  |
|    ent_coef        | 0.037    |
|    ent_coef_loss   | -1.63    |
|    learning_rate   | 0.0007   |
|    n_updates       | 6316     |
---------------------------------
---------------------------------
| rollout/           |          |
|    ep_len_mean     | 1        |
|    ep_rew_mean     | 177      |
| time/              |          |
|    episodes        | 1684     |
|    fps             | 0        |
|    time_elapsed    | 11527    |
|    total_timesteps | 1684     |
| train/             |          |
|    actor_loss      | -2.65    |
|    critic_loss     | 0.00591  |
|    ent_coef        | 0.0369   |
|    ent_coef_loss   | -1.09    |
|    learning_rate   | 0.0007   |
|    n_updates       | 6332     |
---------------------------------
---------------------------------
| rollout/           |          |
|    ep_len_mean     | 1        |
|    ep_rew_mean     | 177      |
| time/              |          |
|    episodes        | 1688     |
|    fps             | 0        |
|    time_elapsed    | 11545    |
|    total_timesteps | 1688     |
| train/             |          |
|    actor_loss      | -2.66    |
|    critic_loss     | 0.00555  |
|    ent_coef        | 0.0368   |
|    ent_coef_loss   | -1.91    |
|    learning_rate   | 0.0007   |
|    n_updates       | 6348     |
---------------------------------
---------------------------------
| rollout/           |          |
|    ep_len_mean     | 1        |
|    ep_rew_mean     | 177      |
| time/              |          |
|    episodes        | 1692     |
|    fps             | 0        |
|    time_elapsed    | 11562    |
|    total_timesteps | 1692     |
| train/             |          |
|    actor_loss      | -2.67    |
|    critic_loss     | 0.00705  |
|    ent_coef        | 0.0367   |
|    ent_coef_loss   | -1.73    |
|    learning_rate   | 0.0007   |
|    n_updates       | 6364     |
---------------------------------
---------------------------------
| rollout/           |          |
|    ep_len_mean     | 1        |
|    ep_rew_mean     | 177      |
| time/              |          |
|    episodes        | 1696     |
|    fps             | 0        |
|    time_elapsed    | 11580    |
|    total_timesteps | 1696     |
| train/             |          |
|    actor_loss      | -2.67    |
|    critic_loss     | 0.00452  |
|    ent_coef        | 0.0366   |
|    ent_coef_loss   | -1       |
|    learning_rate   | 0.0007   |
|    n_updates       | 6380     |
---------------------------------
---------------------------------
| rollout/           |          |
|    ep_len_mean     | 1        |
|    ep_rew_mean     | 177      |
| time/              |          |
|    episodes        | 1700     |
|    fps             | 0        |
|    time_elapsed    | 11598    |
|    total_timesteps | 1700     |
| train/             |          |
|    actor_loss      | -2.67    |
|    critic_loss     | 0.00523  |
|    ent_coef        | 0.0364   |
|    ent_coef_loss   | -2.17    |
|    learning_rate   | 0.0007   |
|    n_updates       | 6396     |
---------------------------------
---------------------------------
| rollout/           |          |
|    ep_len_mean     | 1        |
|    ep_rew_mean     | 177      |
| time/              |          |
|    episodes        | 1704     |
|    fps             | 0        |
|    time_elapsed    | 11615    |
|    total_timesteps | 1704     |
| train/             |          |
|    actor_loss      | -2.69    |
|    critic_loss     | 0.00647  |
|    ent_coef        | 0.0363   |
|    ent_coef_loss   | -2.01    |
|    learning_rate   | 0.0007   |
|    n_updates       | 6412     |
---------------------------------
---------------------------------
| rollout/           |          |
|    ep_len_mean     | 1        |
|    ep_rew_mean     | 177      |
| time/              |          |
|    episodes        | 1708     |
|    fps             | 0        |
|    time_elapsed    | 11633    |
|    total_timesteps | 1708     |
| train/             |          |
|    actor_loss      | -2.67    |
|    critic_loss     | 0.00607  |
|    ent_coef        | 0.0361   |
|    ent_coef_loss   | -1.55    |
|    learning_rate   | 0.0007   |
|    n_updates       | 6428     |
---------------------------------
---------------------------------
| rollout/           |          |
|    ep_len_mean     | 1        |
|    ep_rew_mean     | 177      |
| time/              |          |
|    episodes        | 1712     |
|    fps             | 0        |
|    time_elapsed    | 11650    |
|    total_timesteps | 1712     |
| train/             |          |
|    actor_loss      | -2.69    |
|    critic_loss     | 0.00758  |
|    ent_coef        | 0.036    |
|    ent_coef_loss   | -1.39    |
|    learning_rate   | 0.0007   |
|    n_updates       | 6444     |
---------------------------------
---------------------------------
| rollout/           |          |
|    ep_len_mean     | 1        |
|    ep_rew_mean     | 177      |
| time/              |          |
|    episodes        | 1716     |
|    fps             | 0        |
|    time_elapsed    | 11668    |
|    total_timesteps | 1716     |
| train/             |          |
|    actor_loss      | -2.68    |
|    critic_loss     | 0.00641  |
|    ent_coef        | 0.0359   |
|    ent_coef_loss   | -0.607   |
|    learning_rate   | 0.0007   |
|    n_updates       | 6460     |
---------------------------------
---------------------------------
| rollout/           |          |
|    ep_len_mean     | 1        |
|    ep_rew_mean     | 177      |
| time/              |          |
|    episodes        | 1720     |
|    fps             | 0        |
|    time_elapsed    | 11685    |
|    total_timesteps | 1720     |
| train/             |          |
|    actor_loss      | -2.7     |
|    critic_loss     | 0.00901  |
|    ent_coef        | 0.0358   |
|    ent_coef_loss   | -1.88    |
|    learning_rate   | 0.0007   |
|    n_updates       | 6476     |
---------------------------------
---------------------------------
| rollout/           |          |
|    ep_len_mean     | 1        |
|    ep_rew_mean     | 177      |
| time/              |          |
|    episodes        | 1724     |
|    fps             | 0        |
|    time_elapsed    | 11703    |
|    total_timesteps | 1724     |
| train/             |          |
|    actor_loss      | -2.69    |
|    critic_loss     | 0.00871  |
|    ent_coef        | 0.0357   |
|    ent_coef_loss   | -1.86    |
|    learning_rate   | 0.0007   |
|    n_updates       | 6492     |
---------------------------------
---------------------------------
| rollout/           |          |
|    ep_len_mean     | 1        |
|    ep_rew_mean     | 178      |
| time/              |          |
|    episodes        | 1728     |
|    fps             | 0        |
|    time_elapsed    | 11720    |
|    total_timesteps | 1728     |
| train/             |          |
|    actor_loss      | -2.69    |
|    critic_loss     | 0.0068   |
|    ent_coef        | 0.0356   |
|    ent_coef_loss   | -1.88    |
|    learning_rate   | 0.0007   |
|    n_updates       | 6508     |
---------------------------------
---------------------------------
| rollout/           |          |
|    ep_len_mean     | 1        |
|    ep_rew_mean     | 178      |
| time/              |          |
|    episodes        | 1732     |
|    fps             | 0        |
|    time_elapsed    | 11738    |
|    total_timesteps | 1732     |
| train/             |          |
|    actor_loss      | -2.69    |
|    critic_loss     | 0.00712  |
|    ent_coef        | 0.0354   |
|    ent_coef_loss   | -2.02    |
|    learning_rate   | 0.0007   |
|    n_updates       | 6524     |
---------------------------------
---------------------------------
| rollout/           |          |
|    ep_len_mean     | 1        |
|    ep_rew_mean     | 178      |
| time/              |          |
|    episodes        | 1736     |
|    fps             | 0        |
|    time_elapsed    | 11755    |
|    total_timesteps | 1736     |
| train/             |          |
|    actor_loss      | -2.7     |
|    critic_loss     | 0.00468  |
|    ent_coef        | 0.0353   |
|    ent_coef_loss   | -1.48    |
|    learning_rate   | 0.0007   |
|    n_updates       | 6540     |
---------------------------------
---------------------------------
| rollout/           |          |
|    ep_len_mean     | 1        |
|    ep_rew_mean     | 178      |
| time/              |          |
|    episodes        | 1740     |
|    fps             | 0        |
|    time_elapsed    | 11773    |
|    total_timesteps | 1740     |
| train/             |          |
|    actor_loss      | -2.71    |
|    critic_loss     | 0.00706  |
|    ent_coef        | 0.0351   |
|    ent_coef_loss   | -2.18    |
|    learning_rate   | 0.0007   |
|    n_updates       | 6556     |
---------------------------------
---------------------------------
| rollout/           |          |
|    ep_len_mean     | 1        |
|    ep_rew_mean     | 178      |
| time/              |          |
|    episodes        | 1744     |
|    fps             | 0        |
|    time_elapsed    | 11790    |
|    total_timesteps | 1744     |
| train/             |          |
|    actor_loss      | -2.71    |
|    critic_loss     | 0.00487  |
|    ent_coef        | 0.035    |
|    ent_coef_loss   | -1.32    |
|    learning_rate   | 0.0007   |
|    n_updates       | 6572     |
---------------------------------
---------------------------------
| rollout/           |          |
|    ep_len_mean     | 1        |
|    ep_rew_mean     | 178      |
| time/              |          |
|    episodes        | 1748     |
|    fps             | 0        |
|    time_elapsed    | 11808    |
|    total_timesteps | 1748     |
| train/             |          |
|    actor_loss      | -2.71    |
|    critic_loss     | 0.00738  |
|    ent_coef        | 0.0349   |
|    ent_coef_loss   | -1.64    |
|    learning_rate   | 0.0007   |
|    n_updates       | 6588     |
---------------------------------
---------------------------------
| rollout/           |          |
|    ep_len_mean     | 1        |
|    ep_rew_mean     | 178      |
| time/              |          |
|    episodes        | 1752     |
|    fps             | 0        |
|    time_elapsed    | 11826    |
|    total_timesteps | 1752     |
| train/             |          |
|    actor_loss      | -2.7     |
|    critic_loss     | 0.00709  |
|    ent_coef        | 0.0348   |
|    ent_coef_loss   | -0.71    |
|    learning_rate   | 0.0007   |
|    n_updates       | 6604     |
---------------------------------
---------------------------------
| rollout/           |          |
|    ep_len_mean     | 1        |
|    ep_rew_mean     | 178      |
| time/              |          |
|    episodes        | 1756     |
|    fps             | 0        |
|    time_elapsed    | 11843    |
|    total_timesteps | 1756     |
| train/             |          |
|    actor_loss      | -2.71    |
|    critic_loss     | 0.00697  |
|    ent_coef        | 0.0347   |
|    ent_coef_loss   | -0.66    |
|    learning_rate   | 0.0007   |
|    n_updates       | 6620     |
---------------------------------
---------------------------------
| rollout/           |          |
|    ep_len_mean     | 1        |
|    ep_rew_mean     | 178      |
| time/              |          |
|    episodes        | 1760     |
|    fps             | 0        |
|    time_elapsed    | 11861    |
|    total_timesteps | 1760     |
| train/             |          |
|    actor_loss      | -2.73    |
|    critic_loss     | 0.009    |
|    ent_coef        | 0.0346   |
|    ent_coef_loss   | -0.616   |
|    learning_rate   | 0.0007   |
|    n_updates       | 6636     |
---------------------------------
---------------------------------
| rollout/           |          |
|    ep_len_mean     | 1        |
|    ep_rew_mean     | 178      |
| time/              |          |
|    episodes        | 1764     |
|    fps             | 0        |
|    time_elapsed    | 11880    |
|    total_timesteps | 1764     |
| train/             |          |
|    actor_loss      | -2.74    |
|    critic_loss     | 0.0215   |
|    ent_coef        | 0.0345   |
|    ent_coef_loss   | -1.29    |
|    learning_rate   | 0.0007   |
|    n_updates       | 6652     |
---------------------------------
---------------------------------
| rollout/           |          |
|    ep_len_mean     | 1        |
|    ep_rew_mean     | 178      |
| time/              |          |
|    episodes        | 1768     |
|    fps             | 0        |
|    time_elapsed    | 11898    |
|    total_timesteps | 1768     |
| train/             |          |
|    actor_loss      | -2.72    |
|    critic_loss     | 0.0114   |
|    ent_coef        | 0.0344   |
|    ent_coef_loss   | -1.83    |
|    learning_rate   | 0.0007   |
|    n_updates       | 6668     |
---------------------------------
---------------------------------
| rollout/           |          |
|    ep_len_mean     | 1        |
|    ep_rew_mean     | 178      |
| time/              |          |
|    episodes        | 1772     |
|    fps             | 0        |
|    time_elapsed    | 11915    |
|    total_timesteps | 1772     |
| train/             |          |
|    actor_loss      | -2.72    |
|    critic_loss     | 0.0124   |
|    ent_coef        | 0.0343   |
|    ent_coef_loss   | -1.54    |
|    learning_rate   | 0.0007   |
|    n_updates       | 6684     |
---------------------------------
---------------------------------
| rollout/           |          |
|    ep_len_mean     | 1        |
|    ep_rew_mean     | 178      |
| time/              |          |
|    episodes        | 1776     |
|    fps             | 0        |
|    time_elapsed    | 11933    |
|    total_timesteps | 1776     |
| train/             |          |
|    actor_loss      | -2.74    |
|    critic_loss     | 0.00703  |
|    ent_coef        | 0.0342   |
|    ent_coef_loss   | -1.81    |
|    learning_rate   | 0.0007   |
|    n_updates       | 6700     |
---------------------------------
---------------------------------
| rollout/           |          |
|    ep_len_mean     | 1        |
|    ep_rew_mean     | 178      |
| time/              |          |
|    episodes        | 1780     |
|    fps             | 0        |
|    time_elapsed    | 11950    |
|    total_timesteps | 1780     |
| train/             |          |
|    actor_loss      | -2.73    |
|    critic_loss     | 0.00478  |
|    ent_coef        | 0.0341   |
|    ent_coef_loss   | -0.754   |
|    learning_rate   | 0.0007   |
|    n_updates       | 6716     |
---------------------------------
---------------------------------
| rollout/           |          |
|    ep_len_mean     | 1        |
|    ep_rew_mean     | 178      |
| time/              |          |
|    episodes        | 1784     |
|    fps             | 0        |
|    time_elapsed    | 11968    |
|    total_timesteps | 1784     |
| train/             |          |
|    actor_loss      | -2.73    |
|    critic_loss     | 0.00743  |
|    ent_coef        | 0.034    |
|    ent_coef_loss   | -1.6     |
|    learning_rate   | 0.0007   |
|    n_updates       | 6732     |
---------------------------------
---------------------------------
| rollout/           |          |
|    ep_len_mean     | 1        |
|    ep_rew_mean     | 178      |
| time/              |          |
|    episodes        | 1788     |
|    fps             | 0        |
|    time_elapsed    | 11986    |
|    total_timesteps | 1788     |
| train/             |          |
|    actor_loss      | -2.74    |
|    critic_loss     | 0.0134   |
|    ent_coef        | 0.0339   |
|    ent_coef_loss   | -1.87    |
|    learning_rate   | 0.0007   |
|    n_updates       | 6748     |
---------------------------------
---------------------------------
| rollout/           |          |
|    ep_len_mean     | 1        |
|    ep_rew_mean     | 178      |
| time/              |          |
|    episodes        | 1792     |
|    fps             | 0        |
|    time_elapsed    | 12004    |
|    total_timesteps | 1792     |
| train/             |          |
|    actor_loss      | -2.74    |
|    critic_loss     | 0.0157   |
|    ent_coef        | 0.0338   |
|    ent_coef_loss   | -1.74    |
|    learning_rate   | 0.0007   |
|    n_updates       | 6764     |
---------------------------------
---------------------------------
| rollout/           |          |
|    ep_len_mean     | 1        |
|    ep_rew_mean     | 179      |
| time/              |          |
|    episodes        | 1796     |
|    fps             | 0        |
|    time_elapsed    | 12023    |
|    total_timesteps | 1796     |
| train/             |          |
|    actor_loss      | -2.73    |
|    critic_loss     | 0.0153   |
|    ent_coef        | 0.0337   |
|    ent_coef_loss   | 0.227    |
|    learning_rate   | 0.0007   |
|    n_updates       | 6780     |
---------------------------------
---------------------------------
| rollout/           |          |
|    ep_len_mean     | 1        |
|    ep_rew_mean     | 179      |
| time/              |          |
|    episodes        | 1800     |
|    fps             | 0        |
|    time_elapsed    | 12041    |
|    total_timesteps | 1800     |
| train/             |          |
|    actor_loss      | -2.73    |
|    critic_loss     | 0.00537  |
|    ent_coef        | 0.0336   |
|    ent_coef_loss   | -2.13    |
|    learning_rate   | 0.0007   |
|    n_updates       | 6796     |
---------------------------------
---------------------------------
| rollout/           |          |
|    ep_len_mean     | 1        |
|    ep_rew_mean     | 178      |
| time/              |          |
|    episodes        | 1804     |
|    fps             | 0        |
|    time_elapsed    | 12060    |
|    total_timesteps | 1804     |
| train/             |          |
|    actor_loss      | -2.75    |
|    critic_loss     | 0.0108   |
|    ent_coef        | 0.0335   |
|    ent_coef_loss   | -1.4     |
|    learning_rate   | 0.0007   |
|    n_updates       | 6812     |
---------------------------------
---------------------------------
| rollout/           |          |
|    ep_len_mean     | 1        |
|    ep_rew_mean     | 178      |
| time/              |          |
|    episodes        | 1808     |
|    fps             | 0        |
|    time_elapsed    | 12078    |
|    total_timesteps | 1808     |
| train/             |          |
|    actor_loss      | -2.75    |
|    critic_loss     | 0.0066   |
|    ent_coef        | 0.0334   |
|    ent_coef_loss   | -0.769   |
|    learning_rate   | 0.0007   |
|    n_updates       | 6828     |
---------------------------------
---------------------------------
| rollout/           |          |
|    ep_len_mean     | 1        |
|    ep_rew_mean     | 178      |
| time/              |          |
|    episodes        | 1812     |
|    fps             | 0        |
|    time_elapsed    | 12097    |
|    total_timesteps | 1812     |
| train/             |          |
|    actor_loss      | -2.74    |
|    critic_loss     | 0.00673  |
|    ent_coef        | 0.0333   |
|    ent_coef_loss   | -1.13    |
|    learning_rate   | 0.0007   |
|    n_updates       | 6844     |
---------------------------------
---------------------------------
| rollout/           |          |
|    ep_len_mean     | 1        |
|    ep_rew_mean     | 179      |
| time/              |          |
|    episodes        | 1816     |
|    fps             | 0        |
|    time_elapsed    | 12118    |
|    total_timesteps | 1816     |
| train/             |          |
|    actor_loss      | -2.74    |
|    critic_loss     | 0.00802  |
|    ent_coef        | 0.0332   |
|    ent_coef_loss   | -0.182   |
|    learning_rate   | 0.0007   |
|    n_updates       | 6860     |
---------------------------------
---------------------------------
| rollout/           |          |
|    ep_len_mean     | 1        |
|    ep_rew_mean     | 178      |
| time/              |          |
|    episodes        | 1820     |
|    fps             | 0        |
|    time_elapsed    | 12137    |
|    total_timesteps | 1820     |
| train/             |          |
|    actor_loss      | -2.76    |
|    critic_loss     | 0.0129   |
|    ent_coef        | 0.0331   |
|    ent_coef_loss   | -1.17    |
|    learning_rate   | 0.0007   |
|    n_updates       | 6876     |
---------------------------------
---------------------------------
| rollout/           |          |
|    ep_len_mean     | 1        |
|    ep_rew_mean     | 179      |
| time/              |          |
|    episodes        | 1824     |
|    fps             | 0        |
|    time_elapsed    | 12155    |
|    total_timesteps | 1824     |
| train/             |          |
|    actor_loss      | -2.76    |
|    critic_loss     | 0.00801  |
|    ent_coef        | 0.033    |
|    ent_coef_loss   | -0.647   |
|    learning_rate   | 0.0007   |
|    n_updates       | 6892     |
---------------------------------
---------------------------------
| rollout/           |          |
|    ep_len_mean     | 1        |
|    ep_rew_mean     | 179      |
| time/              |          |
|    episodes        | 1828     |
|    fps             | 0        |
|    time_elapsed    | 12174    |
|    total_timesteps | 1828     |
| train/             |          |
|    actor_loss      | -2.74    |
|    critic_loss     | 0.00925  |
|    ent_coef        | 0.033    |
|    ent_coef_loss   | -1.41    |
|    learning_rate   | 0.0007   |
|    n_updates       | 6908     |
---------------------------------
---------------------------------
| rollout/           |          |
|    ep_len_mean     | 1        |
|    ep_rew_mean     | 179      |
| time/              |          |
|    episodes        | 1832     |
|    fps             | 0        |
|    time_elapsed    | 12192    |
|    total_timesteps | 1832     |
| train/             |          |
|    actor_loss      | -2.76    |
|    critic_loss     | 0.00666  |
|    ent_coef        | 0.0329   |
|    ent_coef_loss   | -0.416   |
|    learning_rate   | 0.0007   |
|    n_updates       | 6924     |
---------------------------------
---------------------------------
| rollout/           |          |
|    ep_len_mean     | 1        |
|    ep_rew_mean     | 179      |
| time/              |          |
|    episodes        | 1836     |
|    fps             | 0        |
|    time_elapsed    | 12211    |
|    total_timesteps | 1836     |
| train/             |          |
|    actor_loss      | -2.77    |
|    critic_loss     | 0.00734  |
|    ent_coef        | 0.0328   |
|    ent_coef_loss   | -1.06    |
|    learning_rate   | 0.0007   |
|    n_updates       | 6940     |
---------------------------------
---------------------------------
| rollout/           |          |
|    ep_len_mean     | 1        |
|    ep_rew_mean     | 179      |
| time/              |          |
|    episodes        | 1840     |
|    fps             | 0        |
|    time_elapsed    | 12229    |
|    total_timesteps | 1840     |
| train/             |          |
|    actor_loss      | -2.77    |
|    critic_loss     | 0.0095   |
|    ent_coef        | 0.0328   |
|    ent_coef_loss   | -1.02    |
|    learning_rate   | 0.0007   |
|    n_updates       | 6956     |
---------------------------------
---------------------------------
| rollout/           |          |
|    ep_len_mean     | 1        |
|    ep_rew_mean     | 179      |
| time/              |          |
|    episodes        | 1844     |
|    fps             | 0        |
|    time_elapsed    | 12248    |
|    total_timesteps | 1844     |
| train/             |          |
|    actor_loss      | -2.77    |
|    critic_loss     | 0.00731  |
|    ent_coef        | 0.0327   |
|    ent_coef_loss   | 0.325    |
|    learning_rate   | 0.0007   |
|    n_updates       | 6972     |
---------------------------------
---------------------------------
| rollout/           |          |
|    ep_len_mean     | 1        |
|    ep_rew_mean     | 179      |
| time/              |          |
|    episodes        | 1848     |
|    fps             | 0        |
|    time_elapsed    | 12266    |
|    total_timesteps | 1848     |
| train/             |          |
|    actor_loss      | -2.76    |
|    critic_loss     | 0.0128   |
|    ent_coef        | 0.0326   |
|    ent_coef_loss   | -0.762   |
|    learning_rate   | 0.0007   |
|    n_updates       | 6988     |
---------------------------------
---------------------------------
| rollout/           |          |
|    ep_len_mean     | 1        |
|    ep_rew_mean     | 178      |
| time/              |          |
|    episodes        | 1852     |
|    fps             | 0        |
|    time_elapsed    | 12287    |
|    total_timesteps | 1852     |
| train/             |          |
|    actor_loss      | -2.75    |
|    critic_loss     | 0.0076   |
|    ent_coef        | 0.0326   |
|    ent_coef_loss   | -1.51    |
|    learning_rate   | 0.0007   |
|    n_updates       | 7004     |
---------------------------------
---------------------------------
| rollout/           |          |
|    ep_len_mean     | 1        |
|    ep_rew_mean     | 178      |
| time/              |          |
|    episodes        | 1856     |
|    fps             | 0        |
|    time_elapsed    | 12306    |
|    total_timesteps | 1856     |
| train/             |          |
|    actor_loss      | -2.76    |
|    critic_loss     | 0.013    |
|    ent_coef        | 0.0325   |
|    ent_coef_loss   | 0.664    |
|    learning_rate   | 0.0007   |
|    n_updates       | 7020     |
---------------------------------
---------------------------------
| rollout/           |          |
|    ep_len_mean     | 1        |
|    ep_rew_mean     | 178      |
| time/              |          |
|    episodes        | 1860     |
|    fps             | 0        |
|    time_elapsed    | 12325    |
|    total_timesteps | 1860     |
| train/             |          |
|    actor_loss      | -2.78    |
|    critic_loss     | 0.00701  |
|    ent_coef        | 0.0324   |
|    ent_coef_loss   | -0.974   |
|    learning_rate   | 0.0007   |
|    n_updates       | 7036     |
---------------------------------
---------------------------------
| rollout/           |          |
|    ep_len_mean     | 1        |
|    ep_rew_mean     | 179      |
| time/              |          |
|    episodes        | 1864     |
|    fps             | 0        |
|    time_elapsed    | 12343    |
|    total_timesteps | 1864     |
| train/             |          |
|    actor_loss      | -2.77    |
|    critic_loss     | 0.0141   |
|    ent_coef        | 0.0324   |
|    ent_coef_loss   | -1.32    |
|    learning_rate   | 0.0007   |
|    n_updates       | 7052     |
---------------------------------
---------------------------------
| rollout/           |          |
|    ep_len_mean     | 1        |
|    ep_rew_mean     | 179      |
| time/              |          |
|    episodes        | 1868     |
|    fps             | 0        |
|    time_elapsed    | 12362    |
|    total_timesteps | 1868     |
| train/             |          |
|    actor_loss      | -2.79    |
|    critic_loss     | 0.00788  |
|    ent_coef        | 0.0323   |
|    ent_coef_loss   | -0.469   |
|    learning_rate   | 0.0007   |
|    n_updates       | 7068     |
---------------------------------
---------------------------------
| rollout/           |          |
|    ep_len_mean     | 1        |
|    ep_rew_mean     | 179      |
| time/              |          |
|    episodes        | 1872     |
|    fps             | 0        |
|    time_elapsed    | 12380    |
|    total_timesteps | 1872     |
| train/             |          |
|    actor_loss      | -2.78    |
|    critic_loss     | 0.00833  |
|    ent_coef        | 0.0322   |
|    ent_coef_loss   | -0.93    |
|    learning_rate   | 0.0007   |
|    n_updates       | 7084     |
---------------------------------
---------------------------------
| rollout/           |          |
|    ep_len_mean     | 1        |
|    ep_rew_mean     | 178      |
| time/              |          |
|    episodes        | 1876     |
|    fps             | 0        |
|    time_elapsed    | 12399    |
|    total_timesteps | 1876     |
| train/             |          |
|    actor_loss      | -2.79    |
|    critic_loss     | 0.00695  |
|    ent_coef        | 0.0321   |
|    ent_coef_loss   | -0.473   |
|    learning_rate   | 0.0007   |
|    n_updates       | 7100     |
---------------------------------
---------------------------------
| rollout/           |          |
|    ep_len_mean     | 1        |
|    ep_rew_mean     | 178      |
| time/              |          |
|    episodes        | 1880     |
|    fps             | 0        |
|    time_elapsed    | 12418    |
|    total_timesteps | 1880     |
| train/             |          |
|    actor_loss      | -2.8     |
|    critic_loss     | 0.00672  |
|    ent_coef        | 0.0321   |
|    ent_coef_loss   | 0.0711   |
|    learning_rate   | 0.0007   |
|    n_updates       | 7116     |
---------------------------------
---------------------------------
| rollout/           |          |
|    ep_len_mean     | 1        |
|    ep_rew_mean     | 179      |
| time/              |          |
|    episodes        | 1884     |
|    fps             | 0        |
|    time_elapsed    | 12437    |
|    total_timesteps | 1884     |
| train/             |          |
|    actor_loss      | -2.79    |
|    critic_loss     | 0.0108   |
|    ent_coef        | 0.032    |
|    ent_coef_loss   | -0.671   |
|    learning_rate   | 0.0007   |
|    n_updates       | 7132     |
---------------------------------
---------------------------------
| rollout/           |          |
|    ep_len_mean     | 1        |
|    ep_rew_mean     | 178      |
| time/              |          |
|    episodes        | 1888     |
|    fps             | 0        |
|    time_elapsed    | 12456    |
|    total_timesteps | 1888     |
| train/             |          |
|    actor_loss      | -2.79    |
|    critic_loss     | 0.014    |
|    ent_coef        | 0.032    |
|    ent_coef_loss   | -1.1     |
|    learning_rate   | 0.0007   |
|    n_updates       | 7148     |
---------------------------------
---------------------------------
| rollout/           |          |
|    ep_len_mean     | 1        |
|    ep_rew_mean     | 178      |
| time/              |          |
|    episodes        | 1892     |
|    fps             | 0        |
|    time_elapsed    | 12474    |
|    total_timesteps | 1892     |
| train/             |          |
|    actor_loss      | -2.79    |
|    critic_loss     | 0.00603  |
|    ent_coef        | 0.0319   |
|    ent_coef_loss   | -2.04    |
|    learning_rate   | 0.0007   |
|    n_updates       | 7164     |
---------------------------------
---------------------------------
| rollout/           |          |
|    ep_len_mean     | 1        |
|    ep_rew_mean     | 178      |
| time/              |          |
|    episodes        | 1896     |
|    fps             | 0        |
|    time_elapsed    | 12492    |
|    total_timesteps | 1896     |
| train/             |          |
|    actor_loss      | -2.81    |
|    critic_loss     | 0.00488  |
|    ent_coef        | 0.0317   |
|    ent_coef_loss   | -1       |
|    learning_rate   | 0.0007   |
|    n_updates       | 7180     |
---------------------------------
---------------------------------
| rollout/           |          |
|    ep_len_mean     | 1        |
|    ep_rew_mean     | 178      |
| time/              |          |
|    episodes        | 1900     |
|    fps             | 0        |
|    time_elapsed    | 12510    |
|    total_timesteps | 1900     |
| train/             |          |
|    actor_loss      | -2.8     |
|    critic_loss     | 0.00869  |
|    ent_coef        | 0.0316   |
|    ent_coef_loss   | -1.14    |
|    learning_rate   | 0.0007   |
|    n_updates       | 7196     |
---------------------------------
---------------------------------
| rollout/           |          |
|    ep_len_mean     | 1        |
|    ep_rew_mean     | 178      |
| time/              |          |
|    episodes        | 1904     |
|    fps             | 0        |
|    time_elapsed    | 12527    |
|    total_timesteps | 1904     |
| train/             |          |
|    actor_loss      | -2.8     |
|    critic_loss     | 0.00462  |
|    ent_coef        | 0.0316   |
|    ent_coef_loss   | -1.09    |
|    learning_rate   | 0.0007   |
|    n_updates       | 7212     |
---------------------------------
---------------------------------
| rollout/           |          |
|    ep_len_mean     | 1        |
|    ep_rew_mean     | 179      |
| time/              |          |
|    episodes        | 1908     |
|    fps             | 0        |
|    time_elapsed    | 12545    |
|    total_timesteps | 1908     |
| train/             |          |
|    actor_loss      | -2.81    |
|    critic_loss     | 0.00874  |
|    ent_coef        | 0.0315   |
|    ent_coef_loss   | -0.111   |
|    learning_rate   | 0.0007   |
|    n_updates       | 7228     |
---------------------------------
---------------------------------
| rollout/           |          |
|    ep_len_mean     | 1        |
|    ep_rew_mean     | 178      |
| time/              |          |
|    episodes        | 1912     |
|    fps             | 0        |
|    time_elapsed    | 12562    |
|    total_timesteps | 1912     |
| train/             |          |
|    actor_loss      | -2.81    |
|    critic_loss     | 0.00629  |
|    ent_coef        | 0.0314   |
|    ent_coef_loss   | -1.54    |
|    learning_rate   | 0.0007   |
|    n_updates       | 7244     |
---------------------------------
---------------------------------
| rollout/           |          |
|    ep_len_mean     | 1        |
|    ep_rew_mean     | 178      |
| time/              |          |
|    episodes        | 1916     |
|    fps             | 0        |
|    time_elapsed    | 12580    |
|    total_timesteps | 1916     |
| train/             |          |
|    actor_loss      | -2.8     |
|    critic_loss     | 0.00416  |
|    ent_coef        | 0.0313   |
|    ent_coef_loss   | -0.623   |
|    learning_rate   | 0.0007   |
|    n_updates       | 7260     |
---------------------------------
---------------------------------
| rollout/           |          |
|    ep_len_mean     | 1        |
|    ep_rew_mean     | 178      |
| time/              |          |
|    episodes        | 1920     |
|    fps             | 0        |
|    time_elapsed    | 12598    |
|    total_timesteps | 1920     |
| train/             |          |
|    actor_loss      | -2.81    |
|    critic_loss     | 0.0047   |
|    ent_coef        | 0.0312   |
|    ent_coef_loss   | 0.0137   |
|    learning_rate   | 0.0007   |
|    n_updates       | 7276     |
---------------------------------
---------------------------------
| rollout/           |          |
|    ep_len_mean     | 1        |
|    ep_rew_mean     | 178      |
| time/              |          |
|    episodes        | 1924     |
|    fps             | 0        |
|    time_elapsed    | 12615    |
|    total_timesteps | 1924     |
| train/             |          |
|    actor_loss      | -2.81    |
|    critic_loss     | 0.00596  |
|    ent_coef        | 0.0312   |
|    ent_coef_loss   | -0.0116  |
|    learning_rate   | 0.0007   |
|    n_updates       | 7292     |
---------------------------------
---------------------------------
| rollout/           |          |
|    ep_len_mean     | 1        |
|    ep_rew_mean     | 178      |
| time/              |          |
|    episodes        | 1928     |
|    fps             | 0        |
|    time_elapsed    | 12633    |
|    total_timesteps | 1928     |
| train/             |          |
|    actor_loss      | -2.84    |
|    critic_loss     | 0.00467  |
|    ent_coef        | 0.0312   |
|    ent_coef_loss   | 0.357    |
|    learning_rate   | 0.0007   |
|    n_updates       | 7308     |
---------------------------------
---------------------------------
| rollout/           |          |
|    ep_len_mean     | 1        |
|    ep_rew_mean     | 178      |
| time/              |          |
|    episodes        | 1932     |
|    fps             | 0        |
|    time_elapsed    | 12651    |
|    total_timesteps | 1932     |
| train/             |          |
|    actor_loss      | -2.83    |
|    critic_loss     | 0.00905  |
|    ent_coef        | 0.0312   |
|    ent_coef_loss   | -1.67    |
|    learning_rate   | 0.0007   |
|    n_updates       | 7324     |
---------------------------------
---------------------------------
| rollout/           |          |
|    ep_len_mean     | 1        |
|    ep_rew_mean     | 178      |
| time/              |          |
|    episodes        | 1936     |
|    fps             | 0        |
|    time_elapsed    | 12668    |
|    total_timesteps | 1936     |
| train/             |          |
|    actor_loss      | -2.83    |
|    critic_loss     | 0.00678  |
|    ent_coef        | 0.0311   |
|    ent_coef_loss   | -0.612   |
|    learning_rate   | 0.0007   |
|    n_updates       | 7340     |
---------------------------------
---------------------------------
| rollout/           |          |
|    ep_len_mean     | 1        |
|    ep_rew_mean     | 178      |
| time/              |          |
|    episodes        | 1940     |
|    fps             | 0        |
|    time_elapsed    | 12686    |
|    total_timesteps | 1940     |
| train/             |          |
|    actor_loss      | -2.83    |
|    critic_loss     | 0.00419  |
|    ent_coef        | 0.0311   |
|    ent_coef_loss   | -0.559   |
|    learning_rate   | 0.0007   |
|    n_updates       | 7356     |
---------------------------------
---------------------------------
| rollout/           |          |
|    ep_len_mean     | 1        |
|    ep_rew_mean     | 178      |
| time/              |          |
|    episodes        | 1944     |
|    fps             | 0        |
|    time_elapsed    | 12704    |
|    total_timesteps | 1944     |
| train/             |          |
|    actor_loss      | -2.83    |
|    critic_loss     | 0.00576  |
|    ent_coef        | 0.031    |
|    ent_coef_loss   | -0.269   |
|    learning_rate   | 0.0007   |
|    n_updates       | 7372     |
---------------------------------
---------------------------------
| rollout/           |          |
|    ep_len_mean     | 1        |
|    ep_rew_mean     | 178      |
| time/              |          |
|    episodes        | 1948     |
|    fps             | 0        |
|    time_elapsed    | 12721    |
|    total_timesteps | 1948     |
| train/             |          |
|    actor_loss      | -2.83    |
|    critic_loss     | 0.00598  |
|    ent_coef        | 0.031    |
|    ent_coef_loss   | -0.42    |
|    learning_rate   | 0.0007   |
|    n_updates       | 7388     |
---------------------------------
---------------------------------
| rollout/           |          |
|    ep_len_mean     | 1        |
|    ep_rew_mean     | 179      |
| time/              |          |
|    episodes        | 1952     |
|    fps             | 0        |
|    time_elapsed    | 12739    |
|    total_timesteps | 1952     |
| train/             |          |
|    actor_loss      | -2.82    |
|    critic_loss     | 0.00633  |
|    ent_coef        | 0.0309   |
|    ent_coef_loss   | -0.105   |
|    learning_rate   | 0.0007   |
|    n_updates       | 7404     |
---------------------------------
---------------------------------
| rollout/           |          |
|    ep_len_mean     | 1        |
|    ep_rew_mean     | 179      |
| time/              |          |
|    episodes        | 1956     |
|    fps             | 0        |
|    time_elapsed    | 12756    |
|    total_timesteps | 1956     |
| train/             |          |
|    actor_loss      | -2.83    |
|    critic_loss     | 0.00536  |
|    ent_coef        | 0.0309   |
|    ent_coef_loss   | -0.74    |
|    learning_rate   | 0.0007   |
|    n_updates       | 7420     |
---------------------------------
---------------------------------
| rollout/           |          |
|    ep_len_mean     | 1        |
|    ep_rew_mean     | 179      |
| time/              |          |
|    episodes        | 1960     |
|    fps             | 0        |
|    time_elapsed    | 12774    |
|    total_timesteps | 1960     |
| train/             |          |
|    actor_loss      | -2.85    |
|    critic_loss     | 0.00528  |
|    ent_coef        | 0.0308   |
|    ent_coef_loss   | -1.44    |
|    learning_rate   | 0.0007   |
|    n_updates       | 7436     |
---------------------------------
---------------------------------
| rollout/           |          |
|    ep_len_mean     | 1        |
|    ep_rew_mean     | 179      |
| time/              |          |
|    episodes        | 1964     |
|    fps             | 0        |
|    time_elapsed    | 12792    |
|    total_timesteps | 1964     |
| train/             |          |
|    actor_loss      | -2.84    |
|    critic_loss     | 0.00599  |
|    ent_coef        | 0.0308   |
|    ent_coef_loss   | 0.136    |
|    learning_rate   | 0.0007   |
|    n_updates       | 7452     |
---------------------------------
---------------------------------
| rollout/           |          |
|    ep_len_mean     | 1        |
|    ep_rew_mean     | 179      |
| time/              |          |
|    episodes        | 1968     |
|    fps             | 0        |
|    time_elapsed    | 12810    |
|    total_timesteps | 1968     |
| train/             |          |
|    actor_loss      | -2.84    |
|    critic_loss     | 0.00455  |
|    ent_coef        | 0.0307   |
|    ent_coef_loss   | 0.103    |
|    learning_rate   | 0.0007   |
|    n_updates       | 7468     |
---------------------------------
---------------------------------
| rollout/           |          |
|    ep_len_mean     | 1        |
|    ep_rew_mean     | 179      |
| time/              |          |
|    episodes        | 1972     |
|    fps             | 0        |
|    time_elapsed    | 12827    |
|    total_timesteps | 1972     |
| train/             |          |
|    actor_loss      | -2.85    |
|    critic_loss     | 0.00349  |
|    ent_coef        | 0.0306   |
|    ent_coef_loss   | -0.893   |
|    learning_rate   | 0.0007   |
|    n_updates       | 7484     |
---------------------------------
---------------------------------
| rollout/           |          |
|    ep_len_mean     | 1        |
|    ep_rew_mean     | 179      |
| time/              |          |
|    episodes        | 1976     |
|    fps             | 0        |
|    time_elapsed    | 12846    |
|    total_timesteps | 1976     |
| train/             |          |
|    actor_loss      | -2.85    |
|    critic_loss     | 0.00418  |
|    ent_coef        | 0.0306   |
|    ent_coef_loss   | -1.05    |
|    learning_rate   | 0.0007   |
|    n_updates       | 7500     |
---------------------------------
---------------------------------
| rollout/           |          |
|    ep_len_mean     | 1        |
|    ep_rew_mean     | 179      |
| time/              |          |
|    episodes        | 1980     |
|    fps             | 0        |
|    time_elapsed    | 12863    |
|    total_timesteps | 1980     |
| train/             |          |
|    actor_loss      | -2.86    |
|    critic_loss     | 0.00388  |
|    ent_coef        | 0.0305   |
|    ent_coef_loss   | -0.398   |
|    learning_rate   | 0.0007   |
|    n_updates       | 7516     |
---------------------------------
---------------------------------
| rollout/           |          |
|    ep_len_mean     | 1        |
|    ep_rew_mean     | 179      |
| time/              |          |
|    episodes        | 1984     |
|    fps             | 0        |
|    time_elapsed    | 12881    |
|    total_timesteps | 1984     |
| train/             |          |
|    actor_loss      | -2.85    |
|    critic_loss     | 0.00611  |
|    ent_coef        | 0.0304   |
|    ent_coef_loss   | -0.348   |
|    learning_rate   | 0.0007   |
|    n_updates       | 7532     |
---------------------------------
---------------------------------
| rollout/           |          |
|    ep_len_mean     | 1        |
|    ep_rew_mean     | 179      |
| time/              |          |
|    episodes        | 1988     |
|    fps             | 0        |
|    time_elapsed    | 12899    |
|    total_timesteps | 1988     |
| train/             |          |
|    actor_loss      | -2.86    |
|    critic_loss     | 0.00778  |
|    ent_coef        | 0.0304   |
|    ent_coef_loss   | -0.535   |
|    learning_rate   | 0.0007   |
|    n_updates       | 7548     |
---------------------------------
---------------------------------
| rollout/           |          |
|    ep_len_mean     | 1        |
|    ep_rew_mean     | 179      |
| time/              |          |
|    episodes        | 1992     |
|    fps             | 0        |
|    time_elapsed    | 12916    |
|    total_timesteps | 1992     |
| train/             |          |
|    actor_loss      | -2.87    |
|    critic_loss     | 0.00607  |
|    ent_coef        | 0.0303   |
|    ent_coef_loss   | -0.547   |
|    learning_rate   | 0.0007   |
|    n_updates       | 7564     |
---------------------------------
---------------------------------
| rollout/           |          |
|    ep_len_mean     | 1        |
|    ep_rew_mean     | 179      |
| time/              |          |
|    episodes        | 1996     |
|    fps             | 0        |
|    time_elapsed    | 12934    |
|    total_timesteps | 1996     |
| train/             |          |
|    actor_loss      | -2.85    |
|    critic_loss     | 0.00657  |
|    ent_coef        | 0.0303   |
|    ent_coef_loss   | -0.103   |
|    learning_rate   | 0.0007   |
|    n_updates       | 7580     |
---------------------------------
---------------------------------
| rollout/           |          |
|    ep_len_mean     | 1        |
|    ep_rew_mean     | 179      |
| time/              |          |
|    episodes        | 2000     |
|    fps             | 0        |
|    time_elapsed    | 12951    |
|    total_timesteps | 2000     |
| train/             |          |
|    actor_loss      | -2.87    |
|    critic_loss     | 0.00421  |
|    ent_coef        | 0.0302   |
|    ent_coef_loss   | -0.235   |
|    learning_rate   | 0.0007   |
|    n_updates       | 7596     |
---------------------------------
---------------------------------
| rollout/           |          |
|    ep_len_mean     | 1        |
|    ep_rew_mean     | 179      |
| time/              |          |
|    episodes        | 2004     |
|    fps             | 0        |
|    time_elapsed    | 12969    |
|    total_timesteps | 2004     |
| train/             |          |
|    actor_loss      | -2.87    |
|    critic_loss     | 0.0034   |
|    ent_coef        | 0.0302   |
|    ent_coef_loss   | -0.757   |
|    learning_rate   | 0.0007   |
|    n_updates       | 7612     |
---------------------------------
---------------------------------
| rollout/           |          |
|    ep_len_mean     | 1        |
|    ep_rew_mean     | 179      |
| time/              |          |
|    episodes        | 2008     |
|    fps             | 0        |
|    time_elapsed    | 12987    |
|    total_timesteps | 2008     |
| train/             |          |
|    actor_loss      | -2.87    |
|    critic_loss     | 0.00526  |
|    ent_coef        | 0.0302   |
|    ent_coef_loss   | -0.631   |
|    learning_rate   | 0.0007   |
|    n_updates       | 7628     |
---------------------------------
---------------------------------
| rollout/           |          |
|    ep_len_mean     | 1        |
|    ep_rew_mean     | 179      |
| time/              |          |
|    episodes        | 2012     |
|    fps             | 0        |
|    time_elapsed    | 13005    |
|    total_timesteps | 2012     |
| train/             |          |
|    actor_loss      | -2.88    |
|    critic_loss     | 0.0046   |
|    ent_coef        | 0.0301   |
|    ent_coef_loss   | -1.89    |
|    learning_rate   | 0.0007   |
|    n_updates       | 7644     |
---------------------------------
---------------------------------
| rollout/           |          |
|    ep_len_mean     | 1        |
|    ep_rew_mean     | 179      |
| time/              |          |
|    episodes        | 2016     |
|    fps             | 0        |
|    time_elapsed    | 13024    |
|    total_timesteps | 2016     |
| train/             |          |
|    actor_loss      | -2.88    |
|    critic_loss     | 0.0054   |
|    ent_coef        | 0.03     |
|    ent_coef_loss   | -0.0266  |
|    learning_rate   | 0.0007   |
|    n_updates       | 7660     |
---------------------------------
---------------------------------
| rollout/           |          |
|    ep_len_mean     | 1        |
|    ep_rew_mean     | 179      |
| time/              |          |
|    episodes        | 2020     |
|    fps             | 0        |
|    time_elapsed    | 13042    |
|    total_timesteps | 2020     |
| train/             |          |
|    actor_loss      | -2.88    |
|    critic_loss     | 0.00564  |
|    ent_coef        | 0.03     |
|    ent_coef_loss   | 0.00417  |
|    learning_rate   | 0.0007   |
|    n_updates       | 7676     |
---------------------------------
---------------------------------
| rollout/           |          |
|    ep_len_mean     | 1        |
|    ep_rew_mean     | 179      |
| time/              |          |
|    episodes        | 2024     |
|    fps             | 0        |
|    time_elapsed    | 13060    |
|    total_timesteps | 2024     |
| train/             |          |
|    actor_loss      | -2.89    |
|    critic_loss     | 0.00555  |
|    ent_coef        | 0.03     |
|    ent_coef_loss   | -0.459   |
|    learning_rate   | 0.0007   |
|    n_updates       | 7692     |
---------------------------------
---------------------------------
| rollout/           |          |
|    ep_len_mean     | 1        |
|    ep_rew_mean     | 179      |
| time/              |          |
|    episodes        | 2028     |
|    fps             | 0        |
|    time_elapsed    | 13079    |
|    total_timesteps | 2028     |
| train/             |          |
|    actor_loss      | -2.87    |
|    critic_loss     | 0.0065   |
|    ent_coef        | 0.0299   |
|    ent_coef_loss   | -0.345   |
|    learning_rate   | 0.0007   |
|    n_updates       | 7708     |
---------------------------------
---------------------------------
| rollout/           |          |
|    ep_len_mean     | 1        |
|    ep_rew_mean     | 179      |
| time/              |          |
|    episodes        | 2032     |
|    fps             | 0        |
|    time_elapsed    | 13097    |
|    total_timesteps | 2032     |
| train/             |          |
|    actor_loss      | -2.88    |
|    critic_loss     | 0.00736  |
|    ent_coef        | 0.0299   |
|    ent_coef_loss   | -0.279   |
|    learning_rate   | 0.0007   |
|    n_updates       | 7724     |
---------------------------------
---------------------------------
| rollout/           |          |
|    ep_len_mean     | 1        |
|    ep_rew_mean     | 179      |
| time/              |          |
|    episodes        | 2036     |
|    fps             | 0        |
|    time_elapsed    | 13115    |
|    total_timesteps | 2036     |
| train/             |          |
|    actor_loss      | -2.89    |
|    critic_loss     | 0.00821  |
|    ent_coef        | 0.0298   |
|    ent_coef_loss   | -0.0653  |
|    learning_rate   | 0.0007   |
|    n_updates       | 7740     |
---------------------------------
---------------------------------
| rollout/           |          |
|    ep_len_mean     | 1        |
|    ep_rew_mean     | 179      |
| time/              |          |
|    episodes        | 2040     |
|    fps             | 0        |
|    time_elapsed    | 13134    |
|    total_timesteps | 2040     |
| train/             |          |
|    actor_loss      | -2.88    |
|    critic_loss     | 0.00366  |
|    ent_coef        | 0.0298   |
|    ent_coef_loss   | -0.71    |
|    learning_rate   | 0.0007   |
|    n_updates       | 7756     |
---------------------------------
---------------------------------
| rollout/           |          |
|    ep_len_mean     | 1        |
|    ep_rew_mean     | 179      |
| time/              |          |
|    episodes        | 2044     |
|    fps             | 0        |
|    time_elapsed    | 13152    |
|    total_timesteps | 2044     |
| train/             |          |
|    actor_loss      | -2.89    |
|    critic_loss     | 0.00931  |
|    ent_coef        | 0.0297   |
|    ent_coef_loss   | -0.538   |
|    learning_rate   | 0.0007   |
|    n_updates       | 7772     |
---------------------------------
---------------------------------
| rollout/           |          |
|    ep_len_mean     | 1        |
|    ep_rew_mean     | 179      |
| time/              |          |
|    episodes        | 2048     |
|    fps             | 0        |
|    time_elapsed    | 13170    |
|    total_timesteps | 2048     |
| train/             |          |
|    actor_loss      | -2.88    |
|    critic_loss     | 0.00646  |
|    ent_coef        | 0.0296   |
|    ent_coef_loss   | -0.0285  |
|    learning_rate   | 0.0007   |
|    n_updates       | 7788     |
---------------------------------
---------------------------------
| rollout/           |          |
|    ep_len_mean     | 1        |
|    ep_rew_mean     | 179      |
| time/              |          |
|    episodes        | 2052     |
|    fps             | 0        |
|    time_elapsed    | 13190    |
|    total_timesteps | 2052     |
| train/             |          |
|    actor_loss      | -2.9     |
|    critic_loss     | 0.00773  |
|    ent_coef        | 0.0296   |
|    ent_coef_loss   | 0.587    |
|    learning_rate   | 0.0007   |
|    n_updates       | 7804     |
---------------------------------
---------------------------------
| rollout/           |          |
|    ep_len_mean     | 1        |
|    ep_rew_mean     | 179      |
| time/              |          |
|    episodes        | 2056     |
|    fps             | 0        |
|    time_elapsed    | 13211    |
|    total_timesteps | 2056     |
| train/             |          |
|    actor_loss      | -2.9     |
|    critic_loss     | 0.00483  |
|    ent_coef        | 0.0296   |
|    ent_coef_loss   | 1.85     |
|    learning_rate   | 0.0007   |
|    n_updates       | 7820     |
---------------------------------
---------------------------------
| rollout/           |          |
|    ep_len_mean     | 1        |
|    ep_rew_mean     | 179      |
| time/              |          |
|    episodes        | 2060     |
|    fps             | 0        |
|    time_elapsed    | 13233    |
|    total_timesteps | 2060     |
| train/             |          |
|    actor_loss      | -2.91    |
|    critic_loss     | 0.00523  |
|    ent_coef        | 0.0297   |
|    ent_coef_loss   | -0.297   |
|    learning_rate   | 0.0007   |
|    n_updates       | 7836     |
---------------------------------
---------------------------------
| rollout/           |          |
|    ep_len_mean     | 1        |
|    ep_rew_mean     | 179      |
| time/              |          |
|    episodes        | 2064     |
|    fps             | 0        |
|    time_elapsed    | 13255    |
|    total_timesteps | 2064     |
| train/             |          |
|    actor_loss      | -2.9     |
|    critic_loss     | 0.0048   |
|    ent_coef        | 0.0297   |
|    ent_coef_loss   | -0.0522  |
|    learning_rate   | 0.0007   |
|    n_updates       | 7852     |
---------------------------------
---------------------------------
| rollout/           |          |
|    ep_len_mean     | 1        |
|    ep_rew_mean     | 179      |
| time/              |          |
|    episodes        | 2068     |
|    fps             | 0        |
|    time_elapsed    | 13276    |
|    total_timesteps | 2068     |
| train/             |          |
|    actor_loss      | -2.91    |
|    critic_loss     | 0.00439  |
|    ent_coef        | 0.0297   |
|    ent_coef_loss   | 0.803    |
|    learning_rate   | 0.0007   |
|    n_updates       | 7868     |
---------------------------------
---------------------------------
| rollout/           |          |
|    ep_len_mean     | 1        |
|    ep_rew_mean     | 179      |
| time/              |          |
|    episodes        | 2072     |
|    fps             | 0        |
|    time_elapsed    | 13297    |
|    total_timesteps | 2072     |
| train/             |          |
|    actor_loss      | -2.9     |
|    critic_loss     | 0.00419  |
|    ent_coef        | 0.0297   |
|    ent_coef_loss   | 0.0111   |
|    learning_rate   | 0.0007   |
|    n_updates       | 7884     |
---------------------------------
---------------------------------
| rollout/           |          |
|    ep_len_mean     | 1        |
|    ep_rew_mean     | 179      |
| time/              |          |
|    episodes        | 2076     |
|    fps             | 0        |
|    time_elapsed    | 13318    |
|    total_timesteps | 2076     |
| train/             |          |
|    actor_loss      | -2.89    |
|    critic_loss     | 0.00577  |
|    ent_coef        | 0.0297   |
|    ent_coef_loss   | -0.147   |
|    learning_rate   | 0.0007   |
|    n_updates       | 7900     |
---------------------------------
---------------------------------
| rollout/           |          |
|    ep_len_mean     | 1        |
|    ep_rew_mean     | 179      |
| time/              |          |
|    episodes        | 2080     |
|    fps             | 0        |
|    time_elapsed    | 13336    |
|    total_timesteps | 2080     |
| train/             |          |
|    actor_loss      | -2.91    |
|    critic_loss     | 0.00546  |
|    ent_coef        | 0.0297   |
|    ent_coef_loss   | -0.0423  |
|    learning_rate   | 0.0007   |
|    n_updates       | 7916     |
---------------------------------
---------------------------------
| rollout/           |          |
|    ep_len_mean     | 1        |
|    ep_rew_mean     | 179      |
| time/              |          |
|    episodes        | 2084     |
|    fps             | 0        |
|    time_elapsed    | 13354    |
|    total_timesteps | 2084     |
| train/             |          |
|    actor_loss      | -2.92    |
|    critic_loss     | 0.00598  |
|    ent_coef        | 0.0298   |
|    ent_coef_loss   | -0.0894  |
|    learning_rate   | 0.0007   |
|    n_updates       | 7932     |
---------------------------------
---------------------------------
| rollout/           |          |
|    ep_len_mean     | 1        |
|    ep_rew_mean     | 179      |
| time/              |          |
|    episodes        | 2088     |
|    fps             | 0        |
|    time_elapsed    | 13373    |
|    total_timesteps | 2088     |
| train/             |          |
|    actor_loss      | -2.92    |
|    critic_loss     | 0.0107   |
|    ent_coef        | 0.0298   |
|    ent_coef_loss   | -0.186   |
|    learning_rate   | 0.0007   |
|    n_updates       | 7948     |
---------------------------------
---------------------------------
| rollout/           |          |
|    ep_len_mean     | 1        |
|    ep_rew_mean     | 179      |
| time/              |          |
|    episodes        | 2092     |
|    fps             | 0        |
|    time_elapsed    | 13391    |
|    total_timesteps | 2092     |
| train/             |          |
|    actor_loss      | -2.92    |
|    critic_loss     | 0.00504  |
|    ent_coef        | 0.0298   |
|    ent_coef_loss   | -0.106   |
|    learning_rate   | 0.0007   |
|    n_updates       | 7964     |
---------------------------------
---------------------------------
| rollout/           |          |
|    ep_len_mean     | 1        |
|    ep_rew_mean     | 179      |
| time/              |          |
|    episodes        | 2096     |
|    fps             | 0        |
|    time_elapsed    | 13410    |
|    total_timesteps | 2096     |
| train/             |          |
|    actor_loss      | -2.92    |
|    critic_loss     | 0.00463  |
|    ent_coef        | 0.0298   |
|    ent_coef_loss   | 1.26     |
|    learning_rate   | 0.0007   |
|    n_updates       | 7980     |
---------------------------------
---------------------------------
| rollout/           |          |
|    ep_len_mean     | 1        |
|    ep_rew_mean     | 179      |
| time/              |          |
|    episodes        | 2100     |
|    fps             | 0        |
|    time_elapsed    | 13428    |
|    total_timesteps | 2100     |
| train/             |          |
|    actor_loss      | -2.92    |
|    critic_loss     | 0.00841  |
|    ent_coef        | 0.0299   |
|    ent_coef_loss   | -0.52    |
|    learning_rate   | 0.0007   |
|    n_updates       | 7996     |
---------------------------------
---------------------------------
| rollout/           |          |
|    ep_len_mean     | 1        |
|    ep_rew_mean     | 179      |
| time/              |          |
|    episodes        | 2104     |
|    fps             | 0        |
|    time_elapsed    | 13447    |
|    total_timesteps | 2104     |
| train/             |          |
|    actor_loss      | -2.92    |
|    critic_loss     | 0.00566  |
|    ent_coef        | 0.0299   |
|    ent_coef_loss   | -0.361   |
|    learning_rate   | 0.0007   |
|    n_updates       | 8012     |
---------------------------------
---------------------------------
| rollout/           |          |
|    ep_len_mean     | 1        |
|    ep_rew_mean     | 179      |
| time/              |          |
|    episodes        | 2108     |
|    fps             | 0        |
|    time_elapsed    | 13465    |
|    total_timesteps | 2108     |
| train/             |          |
|    actor_loss      | -2.92    |
|    critic_loss     | 0.0085   |
|    ent_coef        | 0.0299   |
|    ent_coef_loss   | -0.266   |
|    learning_rate   | 0.0007   |
|    n_updates       | 8028     |
---------------------------------
---------------------------------
| rollout/           |          |
|    ep_len_mean     | 1        |
|    ep_rew_mean     | 179      |
| time/              |          |
|    episodes        | 2112     |
|    fps             | 0        |
|    time_elapsed    | 13483    |
|    total_timesteps | 2112     |
| train/             |          |
|    actor_loss      | -2.91    |
|    critic_loss     | 0.00475  |
|    ent_coef        | 0.0299   |
|    ent_coef_loss   | 0.961    |
|    learning_rate   | 0.0007   |
|    n_updates       | 8044     |
---------------------------------
---------------------------------
| rollout/           |          |
|    ep_len_mean     | 1        |
|    ep_rew_mean     | 179      |
| time/              |          |
|    episodes        | 2116     |
|    fps             | 0        |
|    time_elapsed    | 13502    |
|    total_timesteps | 2116     |
| train/             |          |
|    actor_loss      | -2.92    |
|    critic_loss     | 0.00503  |
|    ent_coef        | 0.0299   |
|    ent_coef_loss   | 0.101    |
|    learning_rate   | 0.0007   |
|    n_updates       | 8060     |
---------------------------------
---------------------------------
| rollout/           |          |
|    ep_len_mean     | 1        |
|    ep_rew_mean     | 179      |
| time/              |          |
|    episodes        | 2120     |
|    fps             | 0        |
|    time_elapsed    | 13521    |
|    total_timesteps | 2120     |
| train/             |          |
|    actor_loss      | -2.94    |
|    critic_loss     | 0.00507  |
|    ent_coef        | 0.0299   |
|    ent_coef_loss   | -1.15    |
|    learning_rate   | 0.0007   |
|    n_updates       | 8076     |
---------------------------------
---------------------------------
| rollout/           |          |
|    ep_len_mean     | 1        |
|    ep_rew_mean     | 179      |
| time/              |          |
|    episodes        | 2124     |
|    fps             | 0        |
|    time_elapsed    | 13539    |
|    total_timesteps | 2124     |
| train/             |          |
|    actor_loss      | -2.94    |
|    critic_loss     | 0.00647  |
|    ent_coef        | 0.0298   |
|    ent_coef_loss   | 0.769    |
|    learning_rate   | 0.0007   |
|    n_updates       | 8092     |
---------------------------------
---------------------------------
| rollout/           |          |
|    ep_len_mean     | 1        |
|    ep_rew_mean     | 179      |
| time/              |          |
|    episodes        | 2128     |
|    fps             | 0        |
|    time_elapsed    | 13558    |
|    total_timesteps | 2128     |
| train/             |          |
|    actor_loss      | -2.95    |
|    critic_loss     | 0.00785  |
|    ent_coef        | 0.0299   |
|    ent_coef_loss   | -1.13    |
|    learning_rate   | 0.0007   |
|    n_updates       | 8108     |
---------------------------------
---------------------------------
| rollout/           |          |
|    ep_len_mean     | 1        |
|    ep_rew_mean     | 179      |
| time/              |          |
|    episodes        | 2132     |
|    fps             | 0        |
|    time_elapsed    | 13576    |
|    total_timesteps | 2132     |
| train/             |          |
|    actor_loss      | -2.92    |
|    critic_loss     | 0.00714  |
|    ent_coef        | 0.0299   |
|    ent_coef_loss   | 0.0499   |
|    learning_rate   | 0.0007   |
|    n_updates       | 8124     |
---------------------------------
---------------------------------
| rollout/           |          |
|    ep_len_mean     | 1        |
|    ep_rew_mean     | 179      |
| time/              |          |
|    episodes        | 2136     |
|    fps             | 0        |
|    time_elapsed    | 13594    |
|    total_timesteps | 2136     |
| train/             |          |
|    actor_loss      | -2.96    |
|    critic_loss     | 0.00477  |
|    ent_coef        | 0.0299   |
|    ent_coef_loss   | 0.309    |
|    learning_rate   | 0.0007   |
|    n_updates       | 8140     |
---------------------------------
---------------------------------
| rollout/           |          |
|    ep_len_mean     | 1        |
|    ep_rew_mean     | 179      |
| time/              |          |
|    episodes        | 2140     |
|    fps             | 0        |
|    time_elapsed    | 13613    |
|    total_timesteps | 2140     |
| train/             |          |
|    actor_loss      | -2.95    |
|    critic_loss     | 0.0067   |
|    ent_coef        | 0.0299   |
|    ent_coef_loss   | 0.125    |
|    learning_rate   | 0.0007   |
|    n_updates       | 8156     |
---------------------------------
---------------------------------
| rollout/           |          |
|    ep_len_mean     | 1        |
|    ep_rew_mean     | 179      |
| time/              |          |
|    episodes        | 2144     |
|    fps             | 0        |
|    time_elapsed    | 13632    |
|    total_timesteps | 2144     |
| train/             |          |
|    actor_loss      | -2.94    |
|    critic_loss     | 0.00843  |
|    ent_coef        | 0.0299   |
|    ent_coef_loss   | 0.465    |
|    learning_rate   | 0.0007   |
|    n_updates       | 8172     |
---------------------------------
---------------------------------
| rollout/           |          |
|    ep_len_mean     | 1        |
|    ep_rew_mean     | 179      |
| time/              |          |
|    episodes        | 2148     |
|    fps             | 0        |
|    time_elapsed    | 13650    |
|    total_timesteps | 2148     |
| train/             |          |
|    actor_loss      | -2.95    |
|    critic_loss     | 0.00441  |
|    ent_coef        | 0.03     |
|    ent_coef_loss   | 1.73     |
|    learning_rate   | 0.0007   |
|    n_updates       | 8188     |
---------------------------------
---------------------------------
| rollout/           |          |
|    ep_len_mean     | 1        |
|    ep_rew_mean     | 179      |
| time/              |          |
|    episodes        | 2152     |
|    fps             | 0        |
|    time_elapsed    | 13669    |
|    total_timesteps | 2152     |
| train/             |          |
|    actor_loss      | -2.95    |
|    critic_loss     | 0.00522  |
|    ent_coef        | 0.0302   |
|    ent_coef_loss   | 0.621    |
|    learning_rate   | 0.0007   |
|    n_updates       | 8204     |
---------------------------------
---------------------------------
| rollout/           |          |
|    ep_len_mean     | 1        |
|    ep_rew_mean     | 179      |
| time/              |          |
|    episodes        | 2156     |
|    fps             | 0        |
|    time_elapsed    | 13687    |
|    total_timesteps | 2156     |
| train/             |          |
|    actor_loss      | -2.96    |
|    critic_loss     | 0.00689  |
|    ent_coef        | 0.0302   |
|    ent_coef_loss   | 1.04     |
|    learning_rate   | 0.0007   |
|    n_updates       | 8220     |
---------------------------------
---------------------------------
| rollout/           |          |
|    ep_len_mean     | 1        |
|    ep_rew_mean     | 179      |
| time/              |          |
|    episodes        | 2160     |
|    fps             | 0        |
|    time_elapsed    | 13705    |
|    total_timesteps | 2160     |
| train/             |          |
|    actor_loss      | -2.95    |
|    critic_loss     | 0.006    |
|    ent_coef        | 0.0303   |
|    ent_coef_loss   | 1.24     |
|    learning_rate   | 0.0007   |
|    n_updates       | 8236     |
---------------------------------
---------------------------------
| rollout/           |          |
|    ep_len_mean     | 1        |
|    ep_rew_mean     | 179      |
| time/              |          |
|    episodes        | 2164     |
|    fps             | 0        |
|    time_elapsed    | 13724    |
|    total_timesteps | 2164     |
| train/             |          |
|    actor_loss      | -2.95    |
|    critic_loss     | 0.00432  |
|    ent_coef        | 0.0304   |
|    ent_coef_loss   | 0.673    |
|    learning_rate   | 0.0007   |
|    n_updates       | 8252     |
---------------------------------
---------------------------------
| rollout/           |          |
|    ep_len_mean     | 1        |
|    ep_rew_mean     | 179      |
| time/              |          |
|    episodes        | 2168     |
|    fps             | 0        |
|    time_elapsed    | 13743    |
|    total_timesteps | 2168     |
| train/             |          |
|    actor_loss      | -2.97    |
|    critic_loss     | 0.00614  |
|    ent_coef        | 0.0305   |
|    ent_coef_loss   | 0.754    |
|    learning_rate   | 0.0007   |
|    n_updates       | 8268     |
---------------------------------
---------------------------------
| rollout/           |          |
|    ep_len_mean     | 1        |
|    ep_rew_mean     | 179      |
| time/              |          |
|    episodes        | 2172     |
|    fps             | 0        |
|    time_elapsed    | 13761    |
|    total_timesteps | 2172     |
| train/             |          |
|    actor_loss      | -2.97    |
|    critic_loss     | 0.00341  |
|    ent_coef        | 0.0305   |
|    ent_coef_loss   | -0.695   |
|    learning_rate   | 0.0007   |
|    n_updates       | 8284     |
---------------------------------
---------------------------------
| rollout/           |          |
|    ep_len_mean     | 1        |
|    ep_rew_mean     | 179      |
| time/              |          |
|    episodes        | 2176     |
|    fps             | 0        |
|    time_elapsed    | 13781    |
|    total_timesteps | 2176     |
| train/             |          |
|    actor_loss      | -2.96    |
|    critic_loss     | 0.00532  |
|    ent_coef        | 0.0305   |
|    ent_coef_loss   | -0.86    |
|    learning_rate   | 0.0007   |
|    n_updates       | 8300     |
---------------------------------
---------------------------------
| rollout/           |          |
|    ep_len_mean     | 1        |
|    ep_rew_mean     | 179      |
| time/              |          |
|    episodes        | 2180     |
|    fps             | 0        |
|    time_elapsed    | 13800    |
|    total_timesteps | 2180     |
| train/             |          |
|    actor_loss      | -2.97    |
|    critic_loss     | 0.00662  |
|    ent_coef        | 0.0305   |
|    ent_coef_loss   | 0.864    |
|    learning_rate   | 0.0007   |
|    n_updates       | 8316     |
---------------------------------
---------------------------------
| rollout/           |          |
|    ep_len_mean     | 1        |
|    ep_rew_mean     | 179      |
| time/              |          |
|    episodes        | 2184     |
|    fps             | 0        |
|    time_elapsed    | 13818    |
|    total_timesteps | 2184     |
| train/             |          |
|    actor_loss      | -2.97    |
|    critic_loss     | 0.00334  |
|    ent_coef        | 0.0306   |
|    ent_coef_loss   | 0.713    |
|    learning_rate   | 0.0007   |
|    n_updates       | 8332     |
---------------------------------
---------------------------------
| rollout/           |          |
|    ep_len_mean     | 1        |
|    ep_rew_mean     | 179      |
| time/              |          |
|    episodes        | 2188     |
|    fps             | 0        |
|    time_elapsed    | 13835    |
|    total_timesteps | 2188     |
| train/             |          |
|    actor_loss      | -2.97    |
|    critic_loss     | 0.0051   |
|    ent_coef        | 0.0306   |
|    ent_coef_loss   | 1.09     |
|    learning_rate   | 0.0007   |
|    n_updates       | 8348     |
---------------------------------
---------------------------------
| rollout/           |          |
|    ep_len_mean     | 1        |
|    ep_rew_mean     | 179      |
| time/              |          |
|    episodes        | 2192     |
|    fps             | 0        |
|    time_elapsed    | 13853    |
|    total_timesteps | 2192     |
| train/             |          |
|    actor_loss      | -2.96    |
|    critic_loss     | 0.00366  |
|    ent_coef        | 0.0307   |
|    ent_coef_loss   | 1.29     |
|    learning_rate   | 0.0007   |
|    n_updates       | 8364     |
---------------------------------
---------------------------------
| rollout/           |          |
|    ep_len_mean     | 1        |
|    ep_rew_mean     | 179      |
| time/              |          |
|    episodes        | 2196     |
|    fps             | 0        |
|    time_elapsed    | 13872    |
|    total_timesteps | 2196     |
| train/             |          |
|    actor_loss      | -2.98    |
|    critic_loss     | 0.00432  |
|    ent_coef        | 0.0308   |
|    ent_coef_loss   | -0.12    |
|    learning_rate   | 0.0007   |
|    n_updates       | 8380     |
---------------------------------
---------------------------------
| rollout/           |          |
|    ep_len_mean     | 1        |
|    ep_rew_mean     | 179      |
| time/              |          |
|    episodes        | 2200     |
|    fps             | 0        |
|    time_elapsed    | 13891    |
|    total_timesteps | 2200     |
| train/             |          |
|    actor_loss      | -2.98    |
|    critic_loss     | 0.00435  |
|    ent_coef        | 0.0309   |
|    ent_coef_loss   | -0.935   |
|    learning_rate   | 0.0007   |
|    n_updates       | 8396     |
---------------------------------
---------------------------------
| rollout/           |          |
|    ep_len_mean     | 1        |
|    ep_rew_mean     | 179      |
| time/              |          |
|    episodes        | 2204     |
|    fps             | 0        |
|    time_elapsed    | 13910    |
|    total_timesteps | 2204     |
| train/             |          |
|    actor_loss      | -2.98    |
|    critic_loss     | 0.00479  |
|    ent_coef        | 0.0309   |
|    ent_coef_loss   | 0.511    |
|    learning_rate   | 0.0007   |
|    n_updates       | 8412     |
---------------------------------
---------------------------------
| rollout/           |          |
|    ep_len_mean     | 1        |
|    ep_rew_mean     | 179      |
| time/              |          |
|    episodes        | 2208     |
|    fps             | 0        |
|    time_elapsed    | 13928    |
|    total_timesteps | 2208     |
| train/             |          |
|    actor_loss      | -2.97    |
|    critic_loss     | 0.00295  |
|    ent_coef        | 0.031    |
|    ent_coef_loss   | 0.563    |
|    learning_rate   | 0.0007   |
|    n_updates       | 8428     |
---------------------------------
---------------------------------
| rollout/           |          |
|    ep_len_mean     | 1        |
|    ep_rew_mean     | 179      |
| time/              |          |
|    episodes        | 2212     |
|    fps             | 0        |
|    time_elapsed    | 13947    |
|    total_timesteps | 2212     |
| train/             |          |
|    actor_loss      | -2.98    |
|    critic_loss     | 0.00436  |
|    ent_coef        | 0.031    |
|    ent_coef_loss   | 0.284    |
|    learning_rate   | 0.0007   |
|    n_updates       | 8444     |
---------------------------------
---------------------------------
| rollout/           |          |
|    ep_len_mean     | 1        |
|    ep_rew_mean     | 179      |
| time/              |          |
|    episodes        | 2216     |
|    fps             | 0        |
|    time_elapsed    | 13966    |
|    total_timesteps | 2216     |
| train/             |          |
|    actor_loss      | -2.98    |
|    critic_loss     | 0.00479  |
|    ent_coef        | 0.0309   |
|    ent_coef_loss   | -0.703   |
|    learning_rate   | 0.0007   |
|    n_updates       | 8460     |
---------------------------------
---------------------------------
| rollout/           |          |
|    ep_len_mean     | 1        |
|    ep_rew_mean     | 179      |
| time/              |          |
|    episodes        | 2220     |
|    fps             | 0        |
|    time_elapsed    | 13987    |
|    total_timesteps | 2220     |
| train/             |          |
|    actor_loss      | -2.97    |
|    critic_loss     | 0.00525  |
|    ent_coef        | 0.0309   |
|    ent_coef_loss   | 1.14     |
|    learning_rate   | 0.0007   |
|    n_updates       | 8476     |
---------------------------------
---------------------------------
| rollout/           |          |
|    ep_len_mean     | 1        |
|    ep_rew_mean     | 179      |
| time/              |          |
|    episodes        | 2224     |
|    fps             | 0        |
|    time_elapsed    | 14008    |
|    total_timesteps | 2224     |
| train/             |          |
|    actor_loss      | -2.98    |
|    critic_loss     | 0.005    |
|    ent_coef        | 0.0309   |
|    ent_coef_loss   | 0.551    |
|    learning_rate   | 0.0007   |
|    n_updates       | 8492     |
---------------------------------
---------------------------------
| rollout/           |          |
|    ep_len_mean     | 1        |
|    ep_rew_mean     | 180      |
| time/              |          |
|    episodes        | 2228     |
|    fps             | 0        |
|    time_elapsed    | 14031    |
|    total_timesteps | 2228     |
| train/             |          |
|    actor_loss      | -2.99    |
|    critic_loss     | 0.00491  |
|    ent_coef        | 0.031    |
|    ent_coef_loss   | -0.773   |
|    learning_rate   | 0.0007   |
|    n_updates       | 8508     |
---------------------------------
---------------------------------
| rollout/           |          |
|    ep_len_mean     | 1        |
|    ep_rew_mean     | 180      |
| time/              |          |
|    episodes        | 2232     |
|    fps             | 0        |
|    time_elapsed    | 14052    |
|    total_timesteps | 2232     |
| train/             |          |
|    actor_loss      | -2.99    |
|    critic_loss     | 0.00382  |
|    ent_coef        | 0.0309   |
|    ent_coef_loss   | 0.179    |
|    learning_rate   | 0.0007   |
|    n_updates       | 8524     |
---------------------------------
---------------------------------
| rollout/           |          |
|    ep_len_mean     | 1        |
|    ep_rew_mean     | 179      |
| time/              |          |
|    episodes        | 2236     |
|    fps             | 0        |
|    time_elapsed    | 14073    |
|    total_timesteps | 2236     |
| train/             |          |
|    actor_loss      | -3.01    |
|    critic_loss     | 0.00309  |
|    ent_coef        | 0.0309   |
|    ent_coef_loss   | -0.431   |
|    learning_rate   | 0.0007   |
|    n_updates       | 8540     |
---------------------------------
---------------------------------
| rollout/           |          |
|    ep_len_mean     | 1        |
|    ep_rew_mean     | 179      |
| time/              |          |
|    episodes        | 2240     |
|    fps             | 0        |
|    time_elapsed    | 14095    |
|    total_timesteps | 2240     |
| train/             |          |
|    actor_loss      | -2.99    |
|    critic_loss     | 0.0035   |
|    ent_coef        | 0.0308   |
|    ent_coef_loss   | -0.438   |
|    learning_rate   | 0.0007   |
|    n_updates       | 8556     |
---------------------------------
---------------------------------
| rollout/           |          |
|    ep_len_mean     | 1        |
|    ep_rew_mean     | 179      |
| time/              |          |
|    episodes        | 2244     |
|    fps             | 0        |
|    time_elapsed    | 14116    |
|    total_timesteps | 2244     |
| train/             |          |
|    actor_loss      | -3       |
|    critic_loss     | 0.00585  |
|    ent_coef        | 0.0308   |
|    ent_coef_loss   | 0.423    |
|    learning_rate   | 0.0007   |
|    n_updates       | 8572     |
---------------------------------
---------------------------------
| rollout/           |          |
|    ep_len_mean     | 1        |
|    ep_rew_mean     | 179      |
| time/              |          |
|    episodes        | 2248     |
|    fps             | 0        |
|    time_elapsed    | 14137    |
|    total_timesteps | 2248     |
| train/             |          |
|    actor_loss      | -3.01    |
|    critic_loss     | 0.00644  |
|    ent_coef        | 0.0309   |
|    ent_coef_loss   | 0.0305   |
|    learning_rate   | 0.0007   |
|    n_updates       | 8588     |
---------------------------------
---------------------------------
| rollout/           |          |
|    ep_len_mean     | 1        |
|    ep_rew_mean     | 179      |
| time/              |          |
|    episodes        | 2252     |
|    fps             | 0        |
|    time_elapsed    | 14158    |
|    total_timesteps | 2252     |
| train/             |          |
|    actor_loss      | -3       |
|    critic_loss     | 0.00632  |
|    ent_coef        | 0.0309   |
|    ent_coef_loss   | 1.95     |
|    learning_rate   | 0.0007   |
|    n_updates       | 8604     |
---------------------------------
---------------------------------
| rollout/           |          |
|    ep_len_mean     | 1        |
|    ep_rew_mean     | 179      |
| time/              |          |
|    episodes        | 2256     |
|    fps             | 0        |
|    time_elapsed    | 14179    |
|    total_timesteps | 2256     |
| train/             |          |
|    actor_loss      | -2.99    |
|    critic_loss     | 0.00789  |
|    ent_coef        | 0.031    |
|    ent_coef_loss   | -1.43    |
|    learning_rate   | 0.0007   |
|    n_updates       | 8620     |
---------------------------------
---------------------------------
| rollout/           |          |
|    ep_len_mean     | 1        |
|    ep_rew_mean     | 179      |
| time/              |          |
|    episodes        | 2260     |
|    fps             | 0        |
|    time_elapsed    | 14199    |
|    total_timesteps | 2260     |
| train/             |          |
|    actor_loss      | -3.02    |
|    critic_loss     | 0.00895  |
|    ent_coef        | 0.031    |
|    ent_coef_loss   | 1.01     |
|    learning_rate   | 0.0007   |
|    n_updates       | 8636     |
---------------------------------
---------------------------------
| rollout/           |          |
|    ep_len_mean     | 1        |
|    ep_rew_mean     | 179      |
| time/              |          |
|    episodes        | 2264     |
|    fps             | 0        |
|    time_elapsed    | 14220    |
|    total_timesteps | 2264     |
| train/             |          |
|    actor_loss      | -3.02    |
|    critic_loss     | 0.00719  |
|    ent_coef        | 0.031    |
|    ent_coef_loss   | -0.557   |
|    learning_rate   | 0.0007   |
|    n_updates       | 8652     |
---------------------------------
---------------------------------
| rollout/           |          |
|    ep_len_mean     | 1        |
|    ep_rew_mean     | 179      |
| time/              |          |
|    episodes        | 2268     |
|    fps             | 0        |
|    time_elapsed    | 14240    |
|    total_timesteps | 2268     |
| train/             |          |
|    actor_loss      | -3       |
|    critic_loss     | 0.00724  |
|    ent_coef        | 0.031    |
|    ent_coef_loss   | -0.335   |
|    learning_rate   | 0.0007   |
|    n_updates       | 8668     |
---------------------------------
---------------------------------
| rollout/           |          |
|    ep_len_mean     | 1        |
|    ep_rew_mean     | 179      |
| time/              |          |
|    episodes        | 2272     |
|    fps             | 0        |
|    time_elapsed    | 14261    |
|    total_timesteps | 2272     |
| train/             |          |
|    actor_loss      | -3.01    |
|    critic_loss     | 0.00617  |
|    ent_coef        | 0.0309   |
|    ent_coef_loss   | 0.398    |
|    learning_rate   | 0.0007   |
|    n_updates       | 8684     |
---------------------------------
---------------------------------
| rollout/           |          |
|    ep_len_mean     | 1        |
|    ep_rew_mean     | 179      |
| time/              |          |
|    episodes        | 2276     |
|    fps             | 0        |
|    time_elapsed    | 14282    |
|    total_timesteps | 2276     |
| train/             |          |
|    actor_loss      | -3.02    |
|    critic_loss     | 0.00534  |
|    ent_coef        | 0.0309   |
|    ent_coef_loss   | -0.213   |
|    learning_rate   | 0.0007   |
|    n_updates       | 8700     |
---------------------------------
---------------------------------
| rollout/           |          |
|    ep_len_mean     | 1        |
|    ep_rew_mean     | 179      |
| time/              |          |
|    episodes        | 2280     |
|    fps             | 0        |
|    time_elapsed    | 14303    |
|    total_timesteps | 2280     |
| train/             |          |
|    actor_loss      | -3.02    |
|    critic_loss     | 0.00534  |
|    ent_coef        | 0.0309   |
|    ent_coef_loss   | -0.359   |
|    learning_rate   | 0.0007   |
|    n_updates       | 8716     |
---------------------------------
---------------------------------
| rollout/           |          |
|    ep_len_mean     | 1        |
|    ep_rew_mean     | 179      |
| time/              |          |
|    episodes        | 2284     |
|    fps             | 0        |
|    time_elapsed    | 14324    |
|    total_timesteps | 2284     |
| train/             |          |
|    actor_loss      | -3.02    |
|    critic_loss     | 0.00551  |
|    ent_coef        | 0.0309   |
|    ent_coef_loss   | 0.289    |
|    learning_rate   | 0.0007   |
|    n_updates       | 8732     |
---------------------------------
---------------------------------
| rollout/           |          |
|    ep_len_mean     | 1        |
|    ep_rew_mean     | 179      |
| time/              |          |
|    episodes        | 2288     |
|    fps             | 0        |
|    time_elapsed    | 14345    |
|    total_timesteps | 2288     |
| train/             |          |
|    actor_loss      | -3.03    |
|    critic_loss     | 0.00668  |
|    ent_coef        | 0.0309   |
|    ent_coef_loss   | -0.257   |
|    learning_rate   | 0.0007   |
|    n_updates       | 8748     |
---------------------------------
---------------------------------
| rollout/           |          |
|    ep_len_mean     | 1        |
|    ep_rew_mean     | 179      |
| time/              |          |
|    episodes        | 2292     |
|    fps             | 0        |
|    time_elapsed    | 14367    |
|    total_timesteps | 2292     |
| train/             |          |
|    actor_loss      | -3.03    |
|    critic_loss     | 0.00469  |
|    ent_coef        | 0.031    |
|    ent_coef_loss   | 0.381    |
|    learning_rate   | 0.0007   |
|    n_updates       | 8764     |
---------------------------------
---------------------------------
| rollout/           |          |
|    ep_len_mean     | 1        |
|    ep_rew_mean     | 179      |
| time/              |          |
|    episodes        | 2296     |
|    fps             | 0        |
|    time_elapsed    | 14388    |
|    total_timesteps | 2296     |
| train/             |          |
|    actor_loss      | -3.03    |
|    critic_loss     | 0.00513  |
|    ent_coef        | 0.031    |
|    ent_coef_loss   | -1.04    |
|    learning_rate   | 0.0007   |
|    n_updates       | 8780     |
---------------------------------
---------------------------------
| rollout/           |          |
|    ep_len_mean     | 1        |
|    ep_rew_mean     | 179      |
| time/              |          |
|    episodes        | 2300     |
|    fps             | 0        |
|    time_elapsed    | 14410    |
|    total_timesteps | 2300     |
| train/             |          |
|    actor_loss      | -3.03    |
|    critic_loss     | 0.00478  |
|    ent_coef        | 0.031    |
|    ent_coef_loss   | -0.00445 |
|    learning_rate   | 0.0007   |
|    n_updates       | 8796     |
---------------------------------
---------------------------------
| rollout/           |          |
|    ep_len_mean     | 1        |
|    ep_rew_mean     | 179      |
| time/              |          |
|    episodes        | 2304     |
|    fps             | 0        |
|    time_elapsed    | 14429    |
|    total_timesteps | 2304     |
| train/             |          |
|    actor_loss      | -3.04    |
|    critic_loss     | 0.00794  |
|    ent_coef        | 0.031    |
|    ent_coef_loss   | 1.02     |
|    learning_rate   | 0.0007   |
|    n_updates       | 8812     |
---------------------------------
---------------------------------
| rollout/           |          |
|    ep_len_mean     | 1        |
|    ep_rew_mean     | 179      |
| time/              |          |
|    episodes        | 2308     |
|    fps             | 0        |
|    time_elapsed    | 14450    |
|    total_timesteps | 2308     |
| train/             |          |
|    actor_loss      | -3.03    |
|    critic_loss     | 0.00739  |
|    ent_coef        | 0.0311   |
|    ent_coef_loss   | 0.0855   |
|    learning_rate   | 0.0007   |
|    n_updates       | 8828     |
---------------------------------
---------------------------------
| rollout/           |          |
|    ep_len_mean     | 1        |
|    ep_rew_mean     | 179      |
| time/              |          |
|    episodes        | 2312     |
|    fps             | 0        |
|    time_elapsed    | 14471    |
|    total_timesteps | 2312     |
| train/             |          |
|    actor_loss      | -3.03    |
|    critic_loss     | 0.00535  |
|    ent_coef        | 0.0313   |
|    ent_coef_loss   | -0.288   |
|    learning_rate   | 0.0007   |
|    n_updates       | 8844     |
---------------------------------
---------------------------------
| rollout/           |          |
|    ep_len_mean     | 1        |
|    ep_rew_mean     | 177      |
| time/              |          |
|    episodes        | 2316     |
|    fps             | 0        |
|    time_elapsed    | 14519    |
|    total_timesteps | 2316     |
| train/             |          |
|    actor_loss      | -3.02    |
|    critic_loss     | 0.0112   |
|    ent_coef        | 0.0313   |
|    ent_coef_loss   | -0.12    |
|    learning_rate   | 0.0007   |
|    n_updates       | 8860     |
---------------------------------
---------------------------------
| rollout/           |          |
|    ep_len_mean     | 1        |
|    ep_rew_mean     | 177      |
| time/              |          |
|    episodes        | 2320     |
|    fps             | 0        |
|    time_elapsed    | 14539    |
|    total_timesteps | 2320     |
| train/             |          |
|    actor_loss      | -3.04    |
|    critic_loss     | 0.0079   |
|    ent_coef        | 0.0312   |
|    ent_coef_loss   | -0.0877  |
|    learning_rate   | 0.0007   |
|    n_updates       | 8876     |
---------------------------------
---------------------------------
| rollout/           |          |
|    ep_len_mean     | 1        |
|    ep_rew_mean     | 177      |
| time/              |          |
|    episodes        | 2324     |
|    fps             | 0        |
|    time_elapsed    | 14560    |
|    total_timesteps | 2324     |
| train/             |          |
|    actor_loss      | -3.02    |
|    critic_loss     | 0.0144   |
|    ent_coef        | 0.031    |
|    ent_coef_loss   | 0.422    |
|    learning_rate   | 0.0007   |
|    n_updates       | 8892     |
---------------------------------
---------------------------------
| rollout/           |          |
|    ep_len_mean     | 1        |
|    ep_rew_mean     | 177      |
| time/              |          |
|    episodes        | 2328     |
|    fps             | 0        |
|    time_elapsed    | 14580    |
|    total_timesteps | 2328     |
| train/             |          |
|    actor_loss      | -3.04    |
|    critic_loss     | 0.00532  |
|    ent_coef        | 0.031    |
|    ent_coef_loss   | 0.192    |
|    learning_rate   | 0.0007   |
|    n_updates       | 8908     |
---------------------------------
---------------------------------
| rollout/           |          |
|    ep_len_mean     | 1        |
|    ep_rew_mean     | 177      |
| time/              |          |
|    episodes        | 2332     |
|    fps             | 0        |
|    time_elapsed    | 14601    |
|    total_timesteps | 2332     |
| train/             |          |
|    actor_loss      | -3.04    |
|    critic_loss     | 0.0118   |
|    ent_coef        | 0.031    |
|    ent_coef_loss   | 1.37     |
|    learning_rate   | 0.0007   |
|    n_updates       | 8924     |
---------------------------------
---------------------------------
| rollout/           |          |
|    ep_len_mean     | 1        |
|    ep_rew_mean     | 177      |
| time/              |          |
|    episodes        | 2336     |
|    fps             | 0        |
|    time_elapsed    | 14623    |
|    total_timesteps | 2336     |
| train/             |          |
|    actor_loss      | -3.05    |
|    critic_loss     | 0.00651  |
|    ent_coef        | 0.0311   |
|    ent_coef_loss   | -0.257   |
|    learning_rate   | 0.0007   |
|    n_updates       | 8940     |
---------------------------------
---------------------------------
| rollout/           |          |
|    ep_len_mean     | 1        |
|    ep_rew_mean     | 177      |
| time/              |          |
|    episodes        | 2340     |
|    fps             | 0        |
|    time_elapsed    | 14644    |
|    total_timesteps | 2340     |
| train/             |          |
|    actor_loss      | -3.06    |
|    critic_loss     | 0.0105   |
|    ent_coef        | 0.0311   |
|    ent_coef_loss   | 0.274    |
|    learning_rate   | 0.0007   |
|    n_updates       | 8956     |
---------------------------------
---------------------------------
| rollout/           |          |
|    ep_len_mean     | 1        |
|    ep_rew_mean     | 177      |
| time/              |          |
|    episodes        | 2344     |
|    fps             | 0        |
|    time_elapsed    | 14665    |
|    total_timesteps | 2344     |
| train/             |          |
|    actor_loss      | -3.04    |
|    critic_loss     | 0.00725  |
|    ent_coef        | 0.0311   |
|    ent_coef_loss   | 1.06     |
|    learning_rate   | 0.0007   |
|    n_updates       | 8972     |
---------------------------------
---------------------------------
| rollout/           |          |
|    ep_len_mean     | 1        |
|    ep_rew_mean     | 177      |
| time/              |          |
|    episodes        | 2348     |
|    fps             | 0        |
|    time_elapsed    | 14687    |
|    total_timesteps | 2348     |
| train/             |          |
|    actor_loss      | -3.05    |
|    critic_loss     | 0.00873  |
|    ent_coef        | 0.0313   |
|    ent_coef_loss   | -0.547   |
|    learning_rate   | 0.0007   |
|    n_updates       | 8988     |
---------------------------------
---------------------------------
| rollout/           |          |
|    ep_len_mean     | 1        |
|    ep_rew_mean     | 177      |
| time/              |          |
|    episodes        | 2352     |
|    fps             | 0        |
|    time_elapsed    | 14708    |
|    total_timesteps | 2352     |
| train/             |          |
|    actor_loss      | -3.04    |
|    critic_loss     | 0.0117   |
|    ent_coef        | 0.0313   |
|    ent_coef_loss   | 0.483    |
|    learning_rate   | 0.0007   |
|    n_updates       | 9004     |
---------------------------------
---------------------------------
| rollout/           |          |
|    ep_len_mean     | 1        |
|    ep_rew_mean     | 177      |
| time/              |          |
|    episodes        | 2356     |
|    fps             | 0        |
|    time_elapsed    | 14728    |
|    total_timesteps | 2356     |
| train/             |          |
|    actor_loss      | -3.07    |
|    critic_loss     | 0.00868  |
|    ent_coef        | 0.0313   |
|    ent_coef_loss   | 0.207    |
|    learning_rate   | 0.0007   |
|    n_updates       | 9020     |
---------------------------------
---------------------------------
| rollout/           |          |
|    ep_len_mean     | 1        |
|    ep_rew_mean     | 177      |
| time/              |          |
|    episodes        | 2360     |
|    fps             | 0        |
|    time_elapsed    | 14748    |
|    total_timesteps | 2360     |
| train/             |          |
|    actor_loss      | -3.05    |
|    critic_loss     | 0.00822  |
|    ent_coef        | 0.0313   |
|    ent_coef_loss   | -0.552   |
|    learning_rate   | 0.0007   |
|    n_updates       | 9036     |
---------------------------------
---------------------------------
| rollout/           |          |
|    ep_len_mean     | 1        |
|    ep_rew_mean     | 177      |
| time/              |          |
|    episodes        | 2364     |
|    fps             | 0        |
|    time_elapsed    | 14769    |
|    total_timesteps | 2364     |
| train/             |          |
|    actor_loss      | -3.05    |
|    critic_loss     | 0.00966  |
|    ent_coef        | 0.0313   |
|    ent_coef_loss   | -0.587   |
|    learning_rate   | 0.0007   |
|    n_updates       | 9052     |
---------------------------------
---------------------------------
| rollout/           |          |
|    ep_len_mean     | 1        |
|    ep_rew_mean     | 177      |
| time/              |          |
|    episodes        | 2368     |
|    fps             | 0        |
|    time_elapsed    | 14789    |
|    total_timesteps | 2368     |
| train/             |          |
|    actor_loss      | -3.06    |
|    critic_loss     | 0.00848  |
|    ent_coef        | 0.0313   |
|    ent_coef_loss   | 0.0873   |
|    learning_rate   | 0.0007   |
|    n_updates       | 9068     |
---------------------------------
---------------------------------
| rollout/           |          |
|    ep_len_mean     | 1        |
|    ep_rew_mean     | 177      |
| time/              |          |
|    episodes        | 2372     |
|    fps             | 0        |
|    time_elapsed    | 14810    |
|    total_timesteps | 2372     |
| train/             |          |
|    actor_loss      | -3.07    |
|    critic_loss     | 0.0109   |
|    ent_coef        | 0.0313   |
|    ent_coef_loss   | 0.05     |
|    learning_rate   | 0.0007   |
|    n_updates       | 9084     |
---------------------------------
---------------------------------
| rollout/           |          |
|    ep_len_mean     | 1        |
|    ep_rew_mean     | 177      |
| time/              |          |
|    episodes        | 2376     |
|    fps             | 0        |
|    time_elapsed    | 14830    |
|    total_timesteps | 2376     |
| train/             |          |
|    actor_loss      | -3.06    |
|    critic_loss     | 0.00762  |
|    ent_coef        | 0.0313   |
|    ent_coef_loss   | 0.532    |
|    learning_rate   | 0.0007   |
|    n_updates       | 9100     |
---------------------------------
---------------------------------
| rollout/           |          |
|    ep_len_mean     | 1        |
|    ep_rew_mean     | 177      |
| time/              |          |
|    episodes        | 2380     |
|    fps             | 0        |
|    time_elapsed    | 14850    |
|    total_timesteps | 2380     |
| train/             |          |
|    actor_loss      | -3.06    |
|    critic_loss     | 0.00878  |
|    ent_coef        | 0.0313   |
|    ent_coef_loss   | -0.143   |
|    learning_rate   | 0.0007   |
|    n_updates       | 9116     |
---------------------------------
---------------------------------
| rollout/           |          |
|    ep_len_mean     | 1        |
|    ep_rew_mean     | 177      |
| time/              |          |
|    episodes        | 2384     |
|    fps             | 0        |
|    time_elapsed    | 14870    |
|    total_timesteps | 2384     |
| train/             |          |
|    actor_loss      | -3.06    |
|    critic_loss     | 0.00847  |
|    ent_coef        | 0.0314   |
|    ent_coef_loss   | 0.153    |
|    learning_rate   | 0.0007   |
|    n_updates       | 9132     |
---------------------------------
---------------------------------
| rollout/           |          |
|    ep_len_mean     | 1        |
|    ep_rew_mean     | 177      |
| time/              |          |
|    episodes        | 2388     |
|    fps             | 0        |
|    time_elapsed    | 14890    |
|    total_timesteps | 2388     |
| train/             |          |
|    actor_loss      | -3.07    |
|    critic_loss     | 0.00502  |
|    ent_coef        | 0.0315   |
|    ent_coef_loss   | 0.0555   |
|    learning_rate   | 0.0007   |
|    n_updates       | 9148     |
---------------------------------
---------------------------------
| rollout/           |          |
|    ep_len_mean     | 1        |
|    ep_rew_mean     | 177      |
| time/              |          |
|    episodes        | 2392     |
|    fps             | 0        |
|    time_elapsed    | 14910    |
|    total_timesteps | 2392     |
| train/             |          |
|    actor_loss      | -3.05    |
|    critic_loss     | 0.00736  |
|    ent_coef        | 0.0315   |
|    ent_coef_loss   | 0.223    |
|    learning_rate   | 0.0007   |
|    n_updates       | 9164     |
---------------------------------
---------------------------------
| rollout/           |          |
|    ep_len_mean     | 1        |
|    ep_rew_mean     | 177      |
| time/              |          |
|    episodes        | 2396     |
|    fps             | 0        |
|    time_elapsed    | 14931    |
|    total_timesteps | 2396     |
| train/             |          |
|    actor_loss      | -3.07    |
|    critic_loss     | 0.00592  |
|    ent_coef        | 0.0315   |
|    ent_coef_loss   | -0.0327  |
|    learning_rate   | 0.0007   |
|    n_updates       | 9180     |
---------------------------------
---------------------------------
| rollout/           |          |
|    ep_len_mean     | 1        |
|    ep_rew_mean     | 177      |
| time/              |          |
|    episodes        | 2400     |
|    fps             | 0        |
|    time_elapsed    | 14952    |
|    total_timesteps | 2400     |
| train/             |          |
|    actor_loss      | -3.08    |
|    critic_loss     | 0.0046   |
|    ent_coef        | 0.0316   |
|    ent_coef_loss   | -0.355   |
|    learning_rate   | 0.0007   |
|    n_updates       | 9196     |
---------------------------------
---------------------------------
| rollout/           |          |
|    ep_len_mean     | 1        |
|    ep_rew_mean     | 177      |
| time/              |          |
|    episodes        | 2404     |
|    fps             | 0        |
|    time_elapsed    | 14973    |
|    total_timesteps | 2404     |
| train/             |          |
|    actor_loss      | -3.06    |
|    critic_loss     | 0.0093   |
|    ent_coef        | 0.0316   |
|    ent_coef_loss   | -0.357   |
|    learning_rate   | 0.0007   |
|    n_updates       | 9212     |
---------------------------------
---------------------------------
| rollout/           |          |
|    ep_len_mean     | 1        |
|    ep_rew_mean     | 177      |
| time/              |          |
|    episodes        | 2408     |
|    fps             | 0        |
|    time_elapsed    | 14993    |
|    total_timesteps | 2408     |
| train/             |          |
|    actor_loss      | -3.06    |
|    critic_loss     | 0.00781  |
|    ent_coef        | 0.0316   |
|    ent_coef_loss   | 0.305    |
|    learning_rate   | 0.0007   |
|    n_updates       | 9228     |
---------------------------------
---------------------------------
| rollout/           |          |
|    ep_len_mean     | 1        |
|    ep_rew_mean     | 177      |
| time/              |          |
|    episodes        | 2412     |
|    fps             | 0        |
|    time_elapsed    | 15014    |
|    total_timesteps | 2412     |
| train/             |          |
|    actor_loss      | -3.07    |
|    critic_loss     | 0.0117   |
|    ent_coef        | 0.0316   |
|    ent_coef_loss   | -1.1     |
|    learning_rate   | 0.0007   |
|    n_updates       | 9244     |
---------------------------------
---------------------------------
| rollout/           |          |
|    ep_len_mean     | 1        |
|    ep_rew_mean     | 179      |
| time/              |          |
|    episodes        | 2416     |
|    fps             | 0        |
|    time_elapsed    | 15034    |
|    total_timesteps | 2416     |
| train/             |          |
|    actor_loss      | -3.08    |
|    critic_loss     | 0.00713  |
|    ent_coef        | 0.0316   |
|    ent_coef_loss   | -1.2     |
|    learning_rate   | 0.0007   |
|    n_updates       | 9260     |
---------------------------------
---------------------------------
| rollout/           |          |
|    ep_len_mean     | 1        |
|    ep_rew_mean     | 179      |
| time/              |          |
|    episodes        | 2420     |
|    fps             | 0        |
|    time_elapsed    | 15054    |
|    total_timesteps | 2420     |
| train/             |          |
|    actor_loss      | -3.1     |
|    critic_loss     | 0.00722  |
|    ent_coef        | 0.0315   |
|    ent_coef_loss   | -0.062   |
|    learning_rate   | 0.0007   |
|    n_updates       | 9276     |
---------------------------------
---------------------------------
| rollout/           |          |
|    ep_len_mean     | 1        |
|    ep_rew_mean     | 179      |
| time/              |          |
|    episodes        | 2424     |
|    fps             | 0        |
|    time_elapsed    | 15074    |
|    total_timesteps | 2424     |
| train/             |          |
|    actor_loss      | -3.09    |
|    critic_loss     | 0.0101   |
|    ent_coef        | 0.0316   |
|    ent_coef_loss   | 0.211    |
|    learning_rate   | 0.0007   |
|    n_updates       | 9292     |
---------------------------------
---------------------------------
| rollout/           |          |
|    ep_len_mean     | 1        |
|    ep_rew_mean     | 179      |
| time/              |          |
|    episodes        | 2428     |
|    fps             | 0        |
|    time_elapsed    | 15096    |
|    total_timesteps | 2428     |
| train/             |          |
|    actor_loss      | -3.09    |
|    critic_loss     | 0.0106   |
|    ent_coef        | 0.0317   |
|    ent_coef_loss   | -0.244   |
|    learning_rate   | 0.0007   |
|    n_updates       | 9308     |
---------------------------------
---------------------------------
| rollout/           |          |
|    ep_len_mean     | 1        |
|    ep_rew_mean     | 179      |
| time/              |          |
|    episodes        | 2432     |
|    fps             | 0        |
|    time_elapsed    | 15116    |
|    total_timesteps | 2432     |
| train/             |          |
|    actor_loss      | -3.09    |
|    critic_loss     | 0.00481  |
|    ent_coef        | 0.0316   |
|    ent_coef_loss   | 0.0523   |
|    learning_rate   | 0.0007   |
|    n_updates       | 9324     |
---------------------------------
---------------------------------
| rollout/           |          |
|    ep_len_mean     | 1        |
|    ep_rew_mean     | 179      |
| time/              |          |
|    episodes        | 2436     |
|    fps             | 0        |
|    time_elapsed    | 15137    |
|    total_timesteps | 2436     |
| train/             |          |
|    actor_loss      | -3.09    |
|    critic_loss     | 0.00358  |
|    ent_coef        | 0.0316   |
|    ent_coef_loss   | -0.222   |
|    learning_rate   | 0.0007   |
|    n_updates       | 9340     |
---------------------------------
---------------------------------
| rollout/           |          |
|    ep_len_mean     | 1        |
|    ep_rew_mean     | 179      |
| time/              |          |
|    episodes        | 2440     |
|    fps             | 0        |
|    time_elapsed    | 15157    |
|    total_timesteps | 2440     |
| train/             |          |
|    actor_loss      | -3.09    |
|    critic_loss     | 0.0109   |
|    ent_coef        | 0.0315   |
|    ent_coef_loss   | 0.744    |
|    learning_rate   | 0.0007   |
|    n_updates       | 9356     |
---------------------------------
---------------------------------
| rollout/           |          |
|    ep_len_mean     | 1        |
|    ep_rew_mean     | 179      |
| time/              |          |
|    episodes        | 2444     |
|    fps             | 0        |
|    time_elapsed    | 15178    |
|    total_timesteps | 2444     |
| train/             |          |
|    actor_loss      | -3.1     |
|    critic_loss     | 0.00477  |
|    ent_coef        | 0.0314   |
|    ent_coef_loss   | 0.181    |
|    learning_rate   | 0.0007   |
|    n_updates       | 9372     |
---------------------------------
---------------------------------
| rollout/           |          |
|    ep_len_mean     | 1        |
|    ep_rew_mean     | 179      |
| time/              |          |
|    episodes        | 2448     |
|    fps             | 0        |
|    time_elapsed    | 15199    |
|    total_timesteps | 2448     |
| train/             |          |
|    actor_loss      | -3.11    |
|    critic_loss     | 0.00355  |
|    ent_coef        | 0.0314   |
|    ent_coef_loss   | 0.36     |
|    learning_rate   | 0.0007   |
|    n_updates       | 9388     |
---------------------------------
---------------------------------
| rollout/           |          |
|    ep_len_mean     | 1        |
|    ep_rew_mean     | 179      |
| time/              |          |
|    episodes        | 2452     |
|    fps             | 0        |
|    time_elapsed    | 15219    |
|    total_timesteps | 2452     |
| train/             |          |
|    actor_loss      | -3.09    |
|    critic_loss     | 0.00344  |
|    ent_coef        | 0.0314   |
|    ent_coef_loss   | 0.273    |
|    learning_rate   | 0.0007   |
|    n_updates       | 9404     |
---------------------------------
---------------------------------
| rollout/           |          |
|    ep_len_mean     | 1        |
|    ep_rew_mean     | 179      |
| time/              |          |
|    episodes        | 2456     |
|    fps             | 0        |
|    time_elapsed    | 15239    |
|    total_timesteps | 2456     |
| train/             |          |
|    actor_loss      | -3.1     |
|    critic_loss     | 0.00647  |
|    ent_coef        | 0.0315   |
|    ent_coef_loss   | 0.633    |
|    learning_rate   | 0.0007   |
|    n_updates       | 9420     |
---------------------------------
---------------------------------
| rollout/           |          |
|    ep_len_mean     | 1        |
|    ep_rew_mean     | 179      |
| time/              |          |
|    episodes        | 2460     |
|    fps             | 0        |
|    time_elapsed    | 15260    |
|    total_timesteps | 2460     |
| train/             |          |
|    actor_loss      | -3.1     |
|    critic_loss     | 0.00686  |
|    ent_coef        | 0.0316   |
|    ent_coef_loss   | 0.0873   |
|    learning_rate   | 0.0007   |
|    n_updates       | 9436     |
---------------------------------
---------------------------------
| rollout/           |          |
|    ep_len_mean     | 1        |
|    ep_rew_mean     | 180      |
| time/              |          |
|    episodes        | 2464     |
|    fps             | 0        |
|    time_elapsed    | 15280    |
|    total_timesteps | 2464     |
| train/             |          |
|    actor_loss      | -3.13    |
|    critic_loss     | 0.00512  |
|    ent_coef        | 0.0316   |
|    ent_coef_loss   | 0.772    |
|    learning_rate   | 0.0007   |
|    n_updates       | 9452     |
---------------------------------
---------------------------------
| rollout/           |          |
|    ep_len_mean     | 1        |
|    ep_rew_mean     | 180      |
| time/              |          |
|    episodes        | 2468     |
|    fps             | 0        |
|    time_elapsed    | 15299    |
|    total_timesteps | 2468     |
| train/             |          |
|    actor_loss      | -3.12    |
|    critic_loss     | 0.00462  |
|    ent_coef        | 0.0317   |
|    ent_coef_loss   | 0.156    |
|    learning_rate   | 0.0007   |
|    n_updates       | 9468     |
---------------------------------
---------------------------------
| rollout/           |          |
|    ep_len_mean     | 1        |
|    ep_rew_mean     | 180      |
| time/              |          |
|    episodes        | 2472     |
|    fps             | 0        |
|    time_elapsed    | 15318    |
|    total_timesteps | 2472     |
| train/             |          |
|    actor_loss      | -3.12    |
|    critic_loss     | 0.00576  |
|    ent_coef        | 0.0318   |
|    ent_coef_loss   | -0.974   |
|    learning_rate   | 0.0007   |
|    n_updates       | 9484     |
---------------------------------
---------------------------------
| rollout/           |          |
|    ep_len_mean     | 1        |
|    ep_rew_mean     | 180      |
| time/              |          |
|    episodes        | 2476     |
|    fps             | 0        |
|    time_elapsed    | 15337    |
|    total_timesteps | 2476     |
| train/             |          |
|    actor_loss      | -3.11    |
|    critic_loss     | 0.00446  |
|    ent_coef        | 0.0318   |
|    ent_coef_loss   | 1.26     |
|    learning_rate   | 0.0007   |
|    n_updates       | 9500     |
---------------------------------
---------------------------------
| rollout/           |          |
|    ep_len_mean     | 1        |
|    ep_rew_mean     | 180      |
| time/              |          |
|    episodes        | 2480     |
|    fps             | 0        |
|    time_elapsed    | 15356    |
|    total_timesteps | 2480     |
| train/             |          |
|    actor_loss      | -3.12    |
|    critic_loss     | 0.0044   |
|    ent_coef        | 0.0319   |
|    ent_coef_loss   | 0.631    |
|    learning_rate   | 0.0007   |
|    n_updates       | 9516     |
---------------------------------
---------------------------------
| rollout/           |          |
|    ep_len_mean     | 1        |
|    ep_rew_mean     | 180      |
| time/              |          |
|    episodes        | 2484     |
|    fps             | 0        |
|    time_elapsed    | 15374    |
|    total_timesteps | 2484     |
| train/             |          |
|    actor_loss      | -3.12    |
|    critic_loss     | 0.00353  |
|    ent_coef        | 0.032    |
|    ent_coef_loss   | 0.52     |
|    learning_rate   | 0.0007   |
|    n_updates       | 9532     |
---------------------------------
---------------------------------
| rollout/           |          |
|    ep_len_mean     | 1        |
|    ep_rew_mean     | 179      |
| time/              |          |
|    episodes        | 2488     |
|    fps             | 0        |
|    time_elapsed    | 15394    |
|    total_timesteps | 2488     |
| train/             |          |
|    actor_loss      | -3.1     |
|    critic_loss     | 0.00285  |
|    ent_coef        | 0.0321   |
|    ent_coef_loss   | 0.673    |
|    learning_rate   | 0.0007   |
|    n_updates       | 9548     |
---------------------------------
---------------------------------
| rollout/           |          |
|    ep_len_mean     | 1        |
|    ep_rew_mean     | 179      |
| time/              |          |
|    episodes        | 2492     |
|    fps             | 0        |
|    time_elapsed    | 15413    |
|    total_timesteps | 2492     |
| train/             |          |
|    actor_loss      | -3.12    |
|    critic_loss     | 0.00795  |
|    ent_coef        | 0.0321   |
|    ent_coef_loss   | 1.44     |
|    learning_rate   | 0.0007   |
|    n_updates       | 9564     |
---------------------------------
---------------------------------
| rollout/           |          |
|    ep_len_mean     | 1        |
|    ep_rew_mean     | 179      |
| time/              |          |
|    episodes        | 2496     |
|    fps             | 0        |
|    time_elapsed    | 15432    |
|    total_timesteps | 2496     |
| train/             |          |
|    actor_loss      | -3.12    |
|    critic_loss     | 0.0102   |
|    ent_coef        | 0.0322   |
|    ent_coef_loss   | -0.377   |
|    learning_rate   | 0.0007   |
|    n_updates       | 9580     |
---------------------------------
---------------------------------
| rollout/           |          |
|    ep_len_mean     | 1        |
|    ep_rew_mean     | 179      |
| time/              |          |
|    episodes        | 2500     |
|    fps             | 0        |
|    time_elapsed    | 15451    |
|    total_timesteps | 2500     |
| train/             |          |
|    actor_loss      | -3.13    |
|    critic_loss     | 0.011    |
|    ent_coef        | 0.0322   |
|    ent_coef_loss   | -0.159   |
|    learning_rate   | 0.0007   |
|    n_updates       | 9596     |
---------------------------------
---------------------------------
| rollout/           |          |
|    ep_len_mean     | 1        |
|    ep_rew_mean     | 179      |
| time/              |          |
|    episodes        | 2504     |
|    fps             | 0        |
|    time_elapsed    | 15470    |
|    total_timesteps | 2504     |
| train/             |          |
|    actor_loss      | -3.12    |
|    critic_loss     | 0.0106   |
|    ent_coef        | 0.0321   |
|    ent_coef_loss   | -0.0282  |
|    learning_rate   | 0.0007   |
|    n_updates       | 9612     |
---------------------------------
---------------------------------
| rollout/           |          |
|    ep_len_mean     | 1        |
|    ep_rew_mean     | 179      |
| time/              |          |
|    episodes        | 2508     |
|    fps             | 0        |
|    time_elapsed    | 15489    |
|    total_timesteps | 2508     |
| train/             |          |
|    actor_loss      | -3.14    |
|    critic_loss     | 0.00962  |
|    ent_coef        | 0.032    |
|    ent_coef_loss   | -1.1     |
|    learning_rate   | 0.0007   |
|    n_updates       | 9628     |
---------------------------------
---------------------------------
| rollout/           |          |
|    ep_len_mean     | 1        |
|    ep_rew_mean     | 179      |
| time/              |          |
|    episodes        | 2512     |
|    fps             | 0        |
|    time_elapsed    | 15507    |
|    total_timesteps | 2512     |
| train/             |          |
|    actor_loss      | -3.14    |
|    critic_loss     | 0.0078   |
|    ent_coef        | 0.0319   |
|    ent_coef_loss   | 0.309    |
|    learning_rate   | 0.0007   |
|    n_updates       | 9644     |
---------------------------------
---------------------------------
| rollout/           |          |
|    ep_len_mean     | 1        |
|    ep_rew_mean     | 179      |
| time/              |          |
|    episodes        | 2516     |
|    fps             | 0        |
|    time_elapsed    | 15527    |
|    total_timesteps | 2516     |
| train/             |          |
|    actor_loss      | -3.12    |
|    critic_loss     | 0.00913  |
|    ent_coef        | 0.0319   |
|    ent_coef_loss   | -0.108   |
|    learning_rate   | 0.0007   |
|    n_updates       | 9660     |
---------------------------------
---------------------------------
| rollout/           |          |
|    ep_len_mean     | 1        |
|    ep_rew_mean     | 179      |
| time/              |          |
|    episodes        | 2520     |
|    fps             | 0        |
|    time_elapsed    | 15546    |
|    total_timesteps | 2520     |
| train/             |          |
|    actor_loss      | -3.14    |
|    critic_loss     | 0.00585  |
|    ent_coef        | 0.0319   |
|    ent_coef_loss   | -0.984   |
|    learning_rate   | 0.0007   |
|    n_updates       | 9676     |
---------------------------------
---------------------------------
| rollout/           |          |
|    ep_len_mean     | 1        |
|    ep_rew_mean     | 179      |
| time/              |          |
|    episodes        | 2524     |
|    fps             | 0        |
|    time_elapsed    | 15565    |
|    total_timesteps | 2524     |
| train/             |          |
|    actor_loss      | -3.14    |
|    critic_loss     | 0.0126   |
|    ent_coef        | 0.0318   |
|    ent_coef_loss   | -0.0716  |
|    learning_rate   | 0.0007   |
|    n_updates       | 9692     |
---------------------------------
---------------------------------
| rollout/           |          |
|    ep_len_mean     | 1        |
|    ep_rew_mean     | 179      |
| time/              |          |
|    episodes        | 2528     |
|    fps             | 0        |
|    time_elapsed    | 15583    |
|    total_timesteps | 2528     |
| train/             |          |
|    actor_loss      | -3.14    |
|    critic_loss     | 0.00527  |
|    ent_coef        | 0.0318   |
|    ent_coef_loss   | 0.127    |
|    learning_rate   | 0.0007   |
|    n_updates       | 9708     |
---------------------------------
---------------------------------
| rollout/           |          |
|    ep_len_mean     | 1        |
|    ep_rew_mean     | 179      |
| time/              |          |
|    episodes        | 2532     |
|    fps             | 0        |
|    time_elapsed    | 15602    |
|    total_timesteps | 2532     |
| train/             |          |
|    actor_loss      | -3.14    |
|    critic_loss     | 0.00698  |
|    ent_coef        | 0.0319   |
|    ent_coef_loss   | -0.541   |
|    learning_rate   | 0.0007   |
|    n_updates       | 9724     |
---------------------------------
---------------------------------
| rollout/           |          |
|    ep_len_mean     | 1        |
|    ep_rew_mean     | 179      |
| time/              |          |
|    episodes        | 2536     |
|    fps             | 0        |
|    time_elapsed    | 15621    |
|    total_timesteps | 2536     |
| train/             |          |
|    actor_loss      | -3.15    |
|    critic_loss     | 0.0109   |
|    ent_coef        | 0.0319   |
|    ent_coef_loss   | 0.191    |
|    learning_rate   | 0.0007   |
|    n_updates       | 9740     |
---------------------------------
---------------------------------
| rollout/           |          |
|    ep_len_mean     | 1        |
|    ep_rew_mean     | 179      |
| time/              |          |
|    episodes        | 2540     |
|    fps             | 0        |
|    time_elapsed    | 15640    |
|    total_timesteps | 2540     |
| train/             |          |
|    actor_loss      | -3.14    |
|    critic_loss     | 0.00612  |
|    ent_coef        | 0.0319   |
|    ent_coef_loss   | 0.717    |
|    learning_rate   | 0.0007   |
|    n_updates       | 9756     |
---------------------------------
---------------------------------
| rollout/           |          |
|    ep_len_mean     | 1        |
|    ep_rew_mean     | 179      |
| time/              |          |
|    episodes        | 2544     |
|    fps             | 0        |
|    time_elapsed    | 15659    |
|    total_timesteps | 2544     |
| train/             |          |
|    actor_loss      | -3.14    |
|    critic_loss     | 0.00563  |
|    ent_coef        | 0.0319   |
|    ent_coef_loss   | 1.27     |
|    learning_rate   | 0.0007   |
|    n_updates       | 9772     |
---------------------------------
---------------------------------
| rollout/           |          |
|    ep_len_mean     | 1        |
|    ep_rew_mean     | 179      |
| time/              |          |
|    episodes        | 2548     |
|    fps             | 0        |
|    time_elapsed    | 15677    |
|    total_timesteps | 2548     |
| train/             |          |
|    actor_loss      | -3.16    |
|    critic_loss     | 0.00344  |
|    ent_coef        | 0.032    |
|    ent_coef_loss   | 0.127    |
|    learning_rate   | 0.0007   |
|    n_updates       | 9788     |
---------------------------------
---------------------------------
| rollout/           |          |
|    ep_len_mean     | 1        |
|    ep_rew_mean     | 179      |
| time/              |          |
|    episodes        | 2552     |
|    fps             | 0        |
|    time_elapsed    | 15696    |
|    total_timesteps | 2552     |
| train/             |          |
|    actor_loss      | -3.15    |
|    critic_loss     | 0.00608  |
|    ent_coef        | 0.0319   |
|    ent_coef_loss   | -0.196   |
|    learning_rate   | 0.0007   |
|    n_updates       | 9804     |
---------------------------------
---------------------------------
| rollout/           |          |
|    ep_len_mean     | 1        |
|    ep_rew_mean     | 179      |
| time/              |          |
|    episodes        | 2556     |
|    fps             | 0        |
|    time_elapsed    | 15715    |
|    total_timesteps | 2556     |
| train/             |          |
|    actor_loss      | -3.16    |
|    critic_loss     | 0.00502  |
|    ent_coef        | 0.0318   |
|    ent_coef_loss   | 0.341    |
|    learning_rate   | 0.0007   |
|    n_updates       | 9820     |
---------------------------------
---------------------------------
| rollout/           |          |
|    ep_len_mean     | 1        |
|    ep_rew_mean     | 179      |
| time/              |          |
|    episodes        | 2560     |
|    fps             | 0        |
|    time_elapsed    | 15734    |
|    total_timesteps | 2560     |
| train/             |          |
|    actor_loss      | -3.14    |
|    critic_loss     | 0.00963  |
|    ent_coef        | 0.0319   |
|    ent_coef_loss   | -0.221   |
|    learning_rate   | 0.0007   |
|    n_updates       | 9836     |
---------------------------------
---------------------------------
| rollout/           |          |
|    ep_len_mean     | 1        |
|    ep_rew_mean     | 179      |
| time/              |          |
|    episodes        | 2564     |
|    fps             | 0        |
|    time_elapsed    | 15753    |
|    total_timesteps | 2564     |
| train/             |          |
|    actor_loss      | -3.15    |
|    critic_loss     | 0.00586  |
|    ent_coef        | 0.032    |
|    ent_coef_loss   | -0.562   |
|    learning_rate   | 0.0007   |
|    n_updates       | 9852     |
---------------------------------
---------------------------------
| rollout/           |          |
|    ep_len_mean     | 1        |
|    ep_rew_mean     | 179      |
| time/              |          |
|    episodes        | 2568     |
|    fps             | 0        |
|    time_elapsed    | 15772    |
|    total_timesteps | 2568     |
| train/             |          |
|    actor_loss      | -3.18    |
|    critic_loss     | 0.00806  |
|    ent_coef        | 0.0319   |
|    ent_coef_loss   | 0.144    |
|    learning_rate   | 0.0007   |
|    n_updates       | 9868     |
---------------------------------
---------------------------------
| rollout/           |          |
|    ep_len_mean     | 1        |
|    ep_rew_mean     | 179      |
| time/              |          |
|    episodes        | 2572     |
|    fps             | 0        |
|    time_elapsed    | 15790    |
|    total_timesteps | 2572     |
| train/             |          |
|    actor_loss      | -3.17    |
|    critic_loss     | 0.0077   |
|    ent_coef        | 0.0319   |
|    ent_coef_loss   | -1.15    |
|    learning_rate   | 0.0007   |
|    n_updates       | 9884     |
---------------------------------
---------------------------------
| rollout/           |          |
|    ep_len_mean     | 1        |
|    ep_rew_mean     | 179      |
| time/              |          |
|    episodes        | 2576     |
|    fps             | 0        |
|    time_elapsed    | 15809    |
|    total_timesteps | 2576     |
| train/             |          |
|    actor_loss      | -3.16    |
|    critic_loss     | 0.00819  |
|    ent_coef        | 0.0318   |
|    ent_coef_loss   | -0.164   |
|    learning_rate   | 0.0007   |
|    n_updates       | 9900     |
---------------------------------
---------------------------------
| rollout/           |          |
|    ep_len_mean     | 1        |
|    ep_rew_mean     | 179      |
| time/              |          |
|    episodes        | 2580     |
|    fps             | 0        |
|    time_elapsed    | 15827    |
|    total_timesteps | 2580     |
| train/             |          |
|    actor_loss      | -3.18    |
|    critic_loss     | 0.00982  |
|    ent_coef        | 0.0318   |
|    ent_coef_loss   | 0.848    |
|    learning_rate   | 0.0007   |
|    n_updates       | 9916     |
---------------------------------
---------------------------------
| rollout/           |          |
|    ep_len_mean     | 1        |
|    ep_rew_mean     | 179      |
| time/              |          |
|    episodes        | 2584     |
|    fps             | 0        |
|    time_elapsed    | 15847    |
|    total_timesteps | 2584     |
| train/             |          |
|    actor_loss      | -3.18    |
|    critic_loss     | 0.0221   |
|    ent_coef        | 0.0319   |
|    ent_coef_loss   | -0.131   |
|    learning_rate   | 0.0007   |
|    n_updates       | 9932     |
---------------------------------
---------------------------------
| rollout/           |          |
|    ep_len_mean     | 1        |
|    ep_rew_mean     | 179      |
| time/              |          |
|    episodes        | 2588     |
|    fps             | 0        |
|    time_elapsed    | 15865    |
|    total_timesteps | 2588     |
| train/             |          |
|    actor_loss      | -3.17    |
|    critic_loss     | 0.0116   |
|    ent_coef        | 0.0319   |
|    ent_coef_loss   | -0.0673  |
|    learning_rate   | 0.0007   |
|    n_updates       | 9948     |
---------------------------------
---------------------------------
| rollout/           |          |
|    ep_len_mean     | 1        |
|    ep_rew_mean     | 179      |
| time/              |          |
|    episodes        | 2592     |
|    fps             | 0        |
|    time_elapsed    | 15884    |
|    total_timesteps | 2592     |
| train/             |          |
|    actor_loss      | -3.18    |
|    critic_loss     | 0.00875  |
|    ent_coef        | 0.032    |
|    ent_coef_loss   | -0.188   |
|    learning_rate   | 0.0007   |
|    n_updates       | 9964     |
---------------------------------
---------------------------------
| rollout/           |          |
|    ep_len_mean     | 1        |
|    ep_rew_mean     | 179      |
| time/              |          |
|    episodes        | 2596     |
|    fps             | 0        |
|    time_elapsed    | 15903    |
|    total_timesteps | 2596     |
| train/             |          |
|    actor_loss      | -3.18    |
|    critic_loss     | 0.0106   |
|    ent_coef        | 0.0319   |
|    ent_coef_loss   | 0.673    |
|    learning_rate   | 0.0007   |
|    n_updates       | 9980     |
---------------------------------
---------------------------------
| rollout/           |          |
|    ep_len_mean     | 1        |
|    ep_rew_mean     | 179      |
| time/              |          |
|    episodes        | 2600     |
|    fps             | 0        |
|    time_elapsed    | 15922    |
|    total_timesteps | 2600     |
| train/             |          |
|    actor_loss      | -3.19    |
|    critic_loss     | 0.00851  |
|    ent_coef        | 0.032    |
|    ent_coef_loss   | -0.477   |
|    learning_rate   | 0.0007   |
|    n_updates       | 9996     |
---------------------------------
---------------------------------
| rollout/           |          |
|    ep_len_mean     | 1        |
|    ep_rew_mean     | 179      |
| time/              |          |
|    episodes        | 2604     |
|    fps             | 0        |
|    time_elapsed    | 15941    |
|    total_timesteps | 2604     |
| train/             |          |
|    actor_loss      | -3.18    |
|    critic_loss     | 0.00841  |
|    ent_coef        | 0.0321   |
|    ent_coef_loss   | -0.582   |
|    learning_rate   | 0.0007   |
|    n_updates       | 10012    |
---------------------------------
---------------------------------
| rollout/           |          |
|    ep_len_mean     | 1        |
|    ep_rew_mean     | 179      |
| time/              |          |
|    episodes        | 2608     |
|    fps             | 0        |
|    time_elapsed    | 15960    |
|    total_timesteps | 2608     |
| train/             |          |
|    actor_loss      | -3.18    |
|    critic_loss     | 0.00353  |
|    ent_coef        | 0.0321   |
|    ent_coef_loss   | -0.282   |
|    learning_rate   | 0.0007   |
|    n_updates       | 10028    |
---------------------------------
---------------------------------
| rollout/           |          |
|    ep_len_mean     | 1        |
|    ep_rew_mean     | 179      |
| time/              |          |
|    episodes        | 2612     |
|    fps             | 0        |
|    time_elapsed    | 15979    |
|    total_timesteps | 2612     |
| train/             |          |
|    actor_loss      | -3.18    |
|    critic_loss     | 0.00436  |
|    ent_coef        | 0.0321   |
|    ent_coef_loss   | 0.767    |
|    learning_rate   | 0.0007   |
|    n_updates       | 10044    |
---------------------------------
---------------------------------
| rollout/           |          |
|    ep_len_mean     | 1        |
|    ep_rew_mean     | 179      |
| time/              |          |
|    episodes        | 2616     |
|    fps             | 0        |
|    time_elapsed    | 15998    |
|    total_timesteps | 2616     |
| train/             |          |
|    actor_loss      | -3.18    |
|    critic_loss     | 0.00914  |
|    ent_coef        | 0.0321   |
|    ent_coef_loss   | -0.0413  |
|    learning_rate   | 0.0007   |
|    n_updates       | 10060    |
---------------------------------
---------------------------------
| rollout/           |          |
|    ep_len_mean     | 1        |
|    ep_rew_mean     | 179      |
| time/              |          |
|    episodes        | 2620     |
|    fps             | 0        |
|    time_elapsed    | 16018    |
|    total_timesteps | 2620     |
| train/             |          |
|    actor_loss      | -3.19    |
|    critic_loss     | 0.00598  |
|    ent_coef        | 0.0321   |
|    ent_coef_loss   | -0.489   |
|    learning_rate   | 0.0007   |
|    n_updates       | 10076    |
---------------------------------
---------------------------------
| rollout/           |          |
|    ep_len_mean     | 1        |
|    ep_rew_mean     | 179      |
| time/              |          |
|    episodes        | 2624     |
|    fps             | 0        |
|    time_elapsed    | 16037    |
|    total_timesteps | 2624     |
| train/             |          |
|    actor_loss      | -3.18    |
|    critic_loss     | 0.0101   |
|    ent_coef        | 0.032    |
|    ent_coef_loss   | 0.285    |
|    learning_rate   | 0.0007   |
|    n_updates       | 10092    |
---------------------------------
---------------------------------
| rollout/           |          |
|    ep_len_mean     | 1        |
|    ep_rew_mean     | 179      |
| time/              |          |
|    episodes        | 2628     |
|    fps             | 0        |
|    time_elapsed    | 16056    |
|    total_timesteps | 2628     |
| train/             |          |
|    actor_loss      | -3.19    |
|    critic_loss     | 0.00531  |
|    ent_coef        | 0.0321   |
|    ent_coef_loss   | -0.105   |
|    learning_rate   | 0.0007   |
|    n_updates       | 10108    |
---------------------------------
---------------------------------
| rollout/           |          |
|    ep_len_mean     | 1        |
|    ep_rew_mean     | 179      |
| time/              |          |
|    episodes        | 2632     |
|    fps             | 0        |
|    time_elapsed    | 16075    |
|    total_timesteps | 2632     |
| train/             |          |
|    actor_loss      | -3.19    |
|    critic_loss     | 0.00716  |
|    ent_coef        | 0.0321   |
|    ent_coef_loss   | 0.288    |
|    learning_rate   | 0.0007   |
|    n_updates       | 10124    |
---------------------------------
---------------------------------
| rollout/           |          |
|    ep_len_mean     | 1        |
|    ep_rew_mean     | 179      |
| time/              |          |
|    episodes        | 2636     |
|    fps             | 0        |
|    time_elapsed    | 16093    |
|    total_timesteps | 2636     |
| train/             |          |
|    actor_loss      | -3.19    |
|    critic_loss     | 0.0123   |
|    ent_coef        | 0.0321   |
|    ent_coef_loss   | -0.283   |
|    learning_rate   | 0.0007   |
|    n_updates       | 10140    |
---------------------------------
---------------------------------
| rollout/           |          |
|    ep_len_mean     | 1        |
|    ep_rew_mean     | 179      |
| time/              |          |
|    episodes        | 2640     |
|    fps             | 0        |
|    time_elapsed    | 16112    |
|    total_timesteps | 2640     |
| train/             |          |
|    actor_loss      | -3.19    |
|    critic_loss     | 0.00797  |
|    ent_coef        | 0.0321   |
|    ent_coef_loss   | 0.0259   |
|    learning_rate   | 0.0007   |
|    n_updates       | 10156    |
---------------------------------
---------------------------------
| rollout/           |          |
|    ep_len_mean     | 1        |
|    ep_rew_mean     | 179      |
| time/              |          |
|    episodes        | 2644     |
|    fps             | 0        |
|    time_elapsed    | 16131    |
|    total_timesteps | 2644     |
| train/             |          |
|    actor_loss      | -3.22    |
|    critic_loss     | 0.0134   |
|    ent_coef        | 0.0321   |
|    ent_coef_loss   | -1.13    |
|    learning_rate   | 0.0007   |
|    n_updates       | 10172    |
---------------------------------
---------------------------------
| rollout/           |          |
|    ep_len_mean     | 1        |
|    ep_rew_mean     | 179      |
| time/              |          |
|    episodes        | 2648     |
|    fps             | 0        |
|    time_elapsed    | 16150    |
|    total_timesteps | 2648     |
| train/             |          |
|    actor_loss      | -3.19    |
|    critic_loss     | 0.0109   |
|    ent_coef        | 0.032    |
|    ent_coef_loss   | -0.93    |
|    learning_rate   | 0.0007   |
|    n_updates       | 10188    |
---------------------------------
---------------------------------
| rollout/           |          |
|    ep_len_mean     | 1        |
|    ep_rew_mean     | 180      |
| time/              |          |
|    episodes        | 2652     |
|    fps             | 0        |
|    time_elapsed    | 16168    |
|    total_timesteps | 2652     |
| train/             |          |
|    actor_loss      | -3.21    |
|    critic_loss     | 0.0123   |
|    ent_coef        | 0.0319   |
|    ent_coef_loss   | 0.649    |
|    learning_rate   | 0.0007   |
|    n_updates       | 10204    |
---------------------------------
---------------------------------
| rollout/           |          |
|    ep_len_mean     | 1        |
|    ep_rew_mean     | 179      |
| time/              |          |
|    episodes        | 2656     |
|    fps             | 0        |
|    time_elapsed    | 16187    |
|    total_timesteps | 2656     |
| train/             |          |
|    actor_loss      | -3.22    |
|    critic_loss     | 0.00372  |
|    ent_coef        | 0.0319   |
|    ent_coef_loss   | -1.64    |
|    learning_rate   | 0.0007   |
|    n_updates       | 10220    |
---------------------------------
---------------------------------
| rollout/           |          |
|    ep_len_mean     | 1        |
|    ep_rew_mean     | 179      |
| time/              |          |
|    episodes        | 2660     |
|    fps             | 0        |
|    time_elapsed    | 16206    |
|    total_timesteps | 2660     |
| train/             |          |
|    actor_loss      | -3.21    |
|    critic_loss     | 0.00362  |
|    ent_coef        | 0.0318   |
|    ent_coef_loss   | 0.0288   |
|    learning_rate   | 0.0007   |
|    n_updates       | 10236    |
---------------------------------
---------------------------------
| rollout/           |          |
|    ep_len_mean     | 1        |
|    ep_rew_mean     | 179      |
| time/              |          |
|    episodes        | 2664     |
|    fps             | 0        |
|    time_elapsed    | 16225    |
|    total_timesteps | 2664     |
| train/             |          |
|    actor_loss      | -3.21    |
|    critic_loss     | 0.00904  |
|    ent_coef        | 0.0318   |
|    ent_coef_loss   | 1.25     |
|    learning_rate   | 0.0007   |
|    n_updates       | 10252    |
---------------------------------
---------------------------------
| rollout/           |          |
|    ep_len_mean     | 1        |
|    ep_rew_mean     | 179      |
| time/              |          |
|    episodes        | 2668     |
|    fps             | 0        |
|    time_elapsed    | 16244    |
|    total_timesteps | 2668     |
| train/             |          |
|    actor_loss      | -3.2     |
|    critic_loss     | 0.00877  |
|    ent_coef        | 0.0319   |
|    ent_coef_loss   | -0.156   |
|    learning_rate   | 0.0007   |
|    n_updates       | 10268    |
---------------------------------
---------------------------------
| rollout/           |          |
|    ep_len_mean     | 1        |
|    ep_rew_mean     | 179      |
| time/              |          |
|    episodes        | 2672     |
|    fps             | 0        |
|    time_elapsed    | 16262    |
|    total_timesteps | 2672     |
| train/             |          |
|    actor_loss      | -3.22    |
|    critic_loss     | 0.0103   |
|    ent_coef        | 0.0319   |
|    ent_coef_loss   | -0.22    |
|    learning_rate   | 0.0007   |
|    n_updates       | 10284    |
---------------------------------
---------------------------------
| rollout/           |          |
|    ep_len_mean     | 1        |
|    ep_rew_mean     | 179      |
| time/              |          |
|    episodes        | 2676     |
|    fps             | 0        |
|    time_elapsed    | 16281    |
|    total_timesteps | 2676     |
| train/             |          |
|    actor_loss      | -3.23    |
|    critic_loss     | 0.00474  |
|    ent_coef        | 0.032    |
|    ent_coef_loss   | 0.386    |
|    learning_rate   | 0.0007   |
|    n_updates       | 10300    |
---------------------------------
---------------------------------
| rollout/           |          |
|    ep_len_mean     | 1        |
|    ep_rew_mean     | 179      |
| time/              |          |
|    episodes        | 2680     |
|    fps             | 0        |
|    time_elapsed    | 16299    |
|    total_timesteps | 2680     |
| train/             |          |
|    actor_loss      | -3.21    |
|    critic_loss     | 0.00708  |
|    ent_coef        | 0.0321   |
|    ent_coef_loss   | 0.733    |
|    learning_rate   | 0.0007   |
|    n_updates       | 10316    |
---------------------------------
---------------------------------
| rollout/           |          |
|    ep_len_mean     | 1        |
|    ep_rew_mean     | 179      |
| time/              |          |
|    episodes        | 2684     |
|    fps             | 0        |
|    time_elapsed    | 16318    |
|    total_timesteps | 2684     |
| train/             |          |
|    actor_loss      | -3.21    |
|    critic_loss     | 0.00661  |
|    ent_coef        | 0.0322   |
|    ent_coef_loss   | 0.611    |
|    learning_rate   | 0.0007   |
|    n_updates       | 10332    |
---------------------------------
---------------------------------
| rollout/           |          |
|    ep_len_mean     | 1        |
|    ep_rew_mean     | 179      |
| time/              |          |
|    episodes        | 2688     |
|    fps             | 0        |
|    time_elapsed    | 16337    |
|    total_timesteps | 2688     |
| train/             |          |
|    actor_loss      | -3.22    |
|    critic_loss     | 0.022    |
|    ent_coef        | 0.0323   |
|    ent_coef_loss   | 0.629    |
|    learning_rate   | 0.0007   |
|    n_updates       | 10348    |
---------------------------------
---------------------------------
| rollout/           |          |
|    ep_len_mean     | 1        |
|    ep_rew_mean     | 179      |
| time/              |          |
|    episodes        | 2692     |
|    fps             | 0        |
|    time_elapsed    | 16355    |
|    total_timesteps | 2692     |
| train/             |          |
|    actor_loss      | -3.22    |
|    critic_loss     | 0.00709  |
|    ent_coef        | 0.0323   |
|    ent_coef_loss   | -0.998   |
|    learning_rate   | 0.0007   |
|    n_updates       | 10364    |
---------------------------------
---------------------------------
| rollout/           |          |
|    ep_len_mean     | 1        |
|    ep_rew_mean     | 179      |
| time/              |          |
|    episodes        | 2696     |
|    fps             | 0        |
|    time_elapsed    | 16374    |
|    total_timesteps | 2696     |
| train/             |          |
|    actor_loss      | -3.22    |
|    critic_loss     | 0.00542  |
|    ent_coef        | 0.0322   |
|    ent_coef_loss   | 0.601    |
|    learning_rate   | 0.0007   |
|    n_updates       | 10380    |
---------------------------------
---------------------------------
| rollout/           |          |
|    ep_len_mean     | 1        |
|    ep_rew_mean     | 179      |
| time/              |          |
|    episodes        | 2700     |
|    fps             | 0        |
|    time_elapsed    | 16393    |
|    total_timesteps | 2700     |
| train/             |          |
|    actor_loss      | -3.22    |
|    critic_loss     | 0.00721  |
|    ent_coef        | 0.0322   |
|    ent_coef_loss   | -0.115   |
|    learning_rate   | 0.0007   |
|    n_updates       | 10396    |
---------------------------------
---------------------------------
| rollout/           |          |
|    ep_len_mean     | 1        |
|    ep_rew_mean     | 179      |
| time/              |          |
|    episodes        | 2704     |
|    fps             | 0        |
|    time_elapsed    | 16411    |
|    total_timesteps | 2704     |
| train/             |          |
|    actor_loss      | -3.24    |
|    critic_loss     | 0.00832  |
|    ent_coef        | 0.0323   |
|    ent_coef_loss   | 0.532    |
|    learning_rate   | 0.0007   |
|    n_updates       | 10412    |
---------------------------------
---------------------------------
| rollout/           |          |
|    ep_len_mean     | 1        |
|    ep_rew_mean     | 179      |
| time/              |          |
|    episodes        | 2708     |
|    fps             | 0        |
|    time_elapsed    | 16430    |
|    total_timesteps | 2708     |
| train/             |          |
|    actor_loss      | -3.24    |
|    critic_loss     | 0.00698  |
|    ent_coef        | 0.0323   |
|    ent_coef_loss   | 0.101    |
|    learning_rate   | 0.0007   |
|    n_updates       | 10428    |
---------------------------------
---------------------------------
| rollout/           |          |
|    ep_len_mean     | 1        |
|    ep_rew_mean     | 179      |
| time/              |          |
|    episodes        | 2712     |
|    fps             | 0        |
|    time_elapsed    | 16448    |
|    total_timesteps | 2712     |
| train/             |          |
|    actor_loss      | -3.23    |
|    critic_loss     | 0.00402  |
|    ent_coef        | 0.0323   |
|    ent_coef_loss   | 1.03     |
|    learning_rate   | 0.0007   |
|    n_updates       | 10444    |
---------------------------------
---------------------------------
| rollout/           |          |
|    ep_len_mean     | 1        |
|    ep_rew_mean     | 179      |
| time/              |          |
|    episodes        | 2716     |
|    fps             | 0        |
|    time_elapsed    | 16467    |
|    total_timesteps | 2716     |
| train/             |          |
|    actor_loss      | -3.23    |
|    critic_loss     | 0.00733  |
|    ent_coef        | 0.0323   |
|    ent_coef_loss   | -0.295   |
|    learning_rate   | 0.0007   |
|    n_updates       | 10460    |
---------------------------------
---------------------------------
| rollout/           |          |
|    ep_len_mean     | 1        |
|    ep_rew_mean     | 179      |
| time/              |          |
|    episodes        | 2720     |
|    fps             | 0        |
|    time_elapsed    | 16485    |
|    total_timesteps | 2720     |
| train/             |          |
|    actor_loss      | -3.24    |
|    critic_loss     | 0.00509  |
|    ent_coef        | 0.0324   |
|    ent_coef_loss   | -0.509   |
|    learning_rate   | 0.0007   |
|    n_updates       | 10476    |
---------------------------------
---------------------------------
| rollout/           |          |
|    ep_len_mean     | 1        |
|    ep_rew_mean     | 179      |
| time/              |          |
|    episodes        | 2724     |
|    fps             | 0        |
|    time_elapsed    | 16504    |
|    total_timesteps | 2724     |
| train/             |          |
|    actor_loss      | -3.24    |
|    critic_loss     | 0.00526  |
|    ent_coef        | 0.0324   |
|    ent_coef_loss   | 0.227    |
|    learning_rate   | 0.0007   |
|    n_updates       | 10492    |
---------------------------------
---------------------------------
| rollout/           |          |
|    ep_len_mean     | 1        |
|    ep_rew_mean     | 177      |
| time/              |          |
|    episodes        | 2728     |
|    fps             | 0        |
|    time_elapsed    | 16549    |
|    total_timesteps | 2728     |
| train/             |          |
|    actor_loss      | -3.22    |
|    critic_loss     | 0.0104   |
|    ent_coef        | 0.0325   |
|    ent_coef_loss   | 1.08     |
|    learning_rate   | 0.0007   |
|    n_updates       | 10508    |
---------------------------------
---------------------------------
| rollout/           |          |
|    ep_len_mean     | 1        |
|    ep_rew_mean     | 177      |
| time/              |          |
|    episodes        | 2732     |
|    fps             | 0        |
|    time_elapsed    | 16567    |
|    total_timesteps | 2732     |
| train/             |          |
|    actor_loss      | -3.23    |
|    critic_loss     | 0.00618  |
|    ent_coef        | 0.0325   |
|    ent_coef_loss   | -1.08    |
|    learning_rate   | 0.0007   |
|    n_updates       | 10524    |
---------------------------------
---------------------------------
| rollout/           |          |
|    ep_len_mean     | 1        |
|    ep_rew_mean     | 177      |
| time/              |          |
|    episodes        | 2736     |
|    fps             | 0        |
|    time_elapsed    | 16586    |
|    total_timesteps | 2736     |
| train/             |          |
|    actor_loss      | -3.24    |
|    critic_loss     | 0.0103   |
|    ent_coef        | 0.0323   |
|    ent_coef_loss   | 0.685    |
|    learning_rate   | 0.0007   |
|    n_updates       | 10540    |
---------------------------------
---------------------------------
| rollout/           |          |
|    ep_len_mean     | 1        |
|    ep_rew_mean     | 177      |
| time/              |          |
|    episodes        | 2740     |
|    fps             | 0        |
|    time_elapsed    | 16605    |
|    total_timesteps | 2740     |
| train/             |          |
|    actor_loss      | -3.24    |
|    critic_loss     | 0.0102   |
|    ent_coef        | 0.0324   |
|    ent_coef_loss   | 0.56     |
|    learning_rate   | 0.0007   |
|    n_updates       | 10556    |
---------------------------------
---------------------------------
| rollout/           |          |
|    ep_len_mean     | 1        |
|    ep_rew_mean     | 177      |
| time/              |          |
|    episodes        | 2744     |
|    fps             | 0        |
|    time_elapsed    | 16623    |
|    total_timesteps | 2744     |
| train/             |          |
|    actor_loss      | -3.22    |
|    critic_loss     | 0.0161   |
|    ent_coef        | 0.0325   |
|    ent_coef_loss   | 0.15     |
|    learning_rate   | 0.0007   |
|    n_updates       | 10572    |
---------------------------------
---------------------------------
| rollout/           |          |
|    ep_len_mean     | 1        |
|    ep_rew_mean     | 177      |
| time/              |          |
|    episodes        | 2748     |
|    fps             | 0        |
|    time_elapsed    | 16642    |
|    total_timesteps | 2748     |
| train/             |          |
|    actor_loss      | -3.24    |
|    critic_loss     | 0.007    |
|    ent_coef        | 0.0324   |
|    ent_coef_loss   | 1.3      |
|    learning_rate   | 0.0007   |
|    n_updates       | 10588    |
---------------------------------
---------------------------------
| rollout/           |          |
|    ep_len_mean     | 1        |
|    ep_rew_mean     | 177      |
| time/              |          |
|    episodes        | 2752     |
|    fps             | 0        |
|    time_elapsed    | 16660    |
|    total_timesteps | 2752     |
| train/             |          |
|    actor_loss      | -3.25    |
|    critic_loss     | 0.0119   |
|    ent_coef        | 0.0324   |
|    ent_coef_loss   | -0.314   |
|    learning_rate   | 0.0007   |
|    n_updates       | 10604    |
---------------------------------
---------------------------------
| rollout/           |          |
|    ep_len_mean     | 1        |
|    ep_rew_mean     | 177      |
| time/              |          |
|    episodes        | 2756     |
|    fps             | 0        |
|    time_elapsed    | 16679    |
|    total_timesteps | 2756     |
| train/             |          |
|    actor_loss      | -3.24    |
|    critic_loss     | 0.00376  |
|    ent_coef        | 0.0325   |
|    ent_coef_loss   | 0.884    |
|    learning_rate   | 0.0007   |
|    n_updates       | 10620    |
---------------------------------
---------------------------------
| rollout/           |          |
|    ep_len_mean     | 1        |
|    ep_rew_mean     | 177      |
| time/              |          |
|    episodes        | 2760     |
|    fps             | 0        |
|    time_elapsed    | 16698    |
|    total_timesteps | 2760     |
| train/             |          |
|    actor_loss      | -3.26    |
|    critic_loss     | 0.0105   |
|    ent_coef        | 0.0327   |
|    ent_coef_loss   | 0.301    |
|    learning_rate   | 0.0007   |
|    n_updates       | 10636    |
---------------------------------
---------------------------------
| rollout/           |          |
|    ep_len_mean     | 1        |
|    ep_rew_mean     | 177      |
| time/              |          |
|    episodes        | 2764     |
|    fps             | 0        |
|    time_elapsed    | 16716    |
|    total_timesteps | 2764     |
| train/             |          |
|    actor_loss      | -3.25    |
|    critic_loss     | 0.00659  |
|    ent_coef        | 0.0327   |
|    ent_coef_loss   | -0.0344  |
|    learning_rate   | 0.0007   |
|    n_updates       | 10652    |
---------------------------------
---------------------------------
| rollout/           |          |
|    ep_len_mean     | 1        |
|    ep_rew_mean     | 177      |
| time/              |          |
|    episodes        | 2768     |
|    fps             | 0        |
|    time_elapsed    | 16736    |
|    total_timesteps | 2768     |
| train/             |          |
|    actor_loss      | -3.26    |
|    critic_loss     | 0.0104   |
|    ent_coef        | 0.0327   |
|    ent_coef_loss   | -0.575   |
|    learning_rate   | 0.0007   |
|    n_updates       | 10668    |
---------------------------------
---------------------------------
| rollout/           |          |
|    ep_len_mean     | 1        |
|    ep_rew_mean     | 177      |
| time/              |          |
|    episodes        | 2772     |
|    fps             | 0        |
|    time_elapsed    | 16755    |
|    total_timesteps | 2772     |
| train/             |          |
|    actor_loss      | -3.26    |
|    critic_loss     | 0.00783  |
|    ent_coef        | 0.0327   |
|    ent_coef_loss   | -0.911   |
|    learning_rate   | 0.0007   |
|    n_updates       | 10684    |
---------------------------------
---------------------------------
| rollout/           |          |
|    ep_len_mean     | 1        |
|    ep_rew_mean     | 177      |
| time/              |          |
|    episodes        | 2776     |
|    fps             | 0        |
|    time_elapsed    | 16774    |
|    total_timesteps | 2776     |
| train/             |          |
|    actor_loss      | -3.24    |
|    critic_loss     | 0.0208   |
|    ent_coef        | 0.0326   |
|    ent_coef_loss   | 0.948    |
|    learning_rate   | 0.0007   |
|    n_updates       | 10700    |
---------------------------------
---------------------------------
| rollout/           |          |
|    ep_len_mean     | 1        |
|    ep_rew_mean     | 177      |
| time/              |          |
|    episodes        | 2780     |
|    fps             | 0        |
|    time_elapsed    | 16792    |
|    total_timesteps | 2780     |
| train/             |          |
|    actor_loss      | -3.27    |
|    critic_loss     | 0.00684  |
|    ent_coef        | 0.0327   |
|    ent_coef_loss   | -0.354   |
|    learning_rate   | 0.0007   |
|    n_updates       | 10716    |
---------------------------------
---------------------------------
| rollout/           |          |
|    ep_len_mean     | 1        |
|    ep_rew_mean     | 177      |
| time/              |          |
|    episodes        | 2784     |
|    fps             | 0        |
|    time_elapsed    | 16811    |
|    total_timesteps | 2784     |
| train/             |          |
|    actor_loss      | -3.26    |
|    critic_loss     | 0.00639  |
|    ent_coef        | 0.0327   |
|    ent_coef_loss   | -0.375   |
|    learning_rate   | 0.0007   |
|    n_updates       | 10732    |
---------------------------------
---------------------------------
| rollout/           |          |
|    ep_len_mean     | 1        |
|    ep_rew_mean     | 177      |
| time/              |          |
|    episodes        | 2788     |
|    fps             | 0        |
|    time_elapsed    | 16829    |
|    total_timesteps | 2788     |
| train/             |          |
|    actor_loss      | -3.25    |
|    critic_loss     | 0.00617  |
|    ent_coef        | 0.0327   |
|    ent_coef_loss   | 0.163    |
|    learning_rate   | 0.0007   |
|    n_updates       | 10748    |
---------------------------------
---------------------------------
| rollout/           |          |
|    ep_len_mean     | 1        |
|    ep_rew_mean     | 177      |
| time/              |          |
|    episodes        | 2792     |
|    fps             | 0        |
|    time_elapsed    | 16848    |
|    total_timesteps | 2792     |
| train/             |          |
|    actor_loss      | -3.25    |
|    critic_loss     | 0.00536  |
|    ent_coef        | 0.0328   |
|    ent_coef_loss   | 1.39     |
|    learning_rate   | 0.0007   |
|    n_updates       | 10764    |
---------------------------------
---------------------------------
| rollout/           |          |
|    ep_len_mean     | 1        |
|    ep_rew_mean     | 177      |
| time/              |          |
|    episodes        | 2796     |
|    fps             | 0        |
|    time_elapsed    | 16867    |
|    total_timesteps | 2796     |
| train/             |          |
|    actor_loss      | -3.26    |
|    critic_loss     | 0.00607  |
|    ent_coef        | 0.033    |
|    ent_coef_loss   | -0.725   |
|    learning_rate   | 0.0007   |
|    n_updates       | 10780    |
---------------------------------
---------------------------------
| rollout/           |          |
|    ep_len_mean     | 1        |
|    ep_rew_mean     | 177      |
| time/              |          |
|    episodes        | 2800     |
|    fps             | 0        |
|    time_elapsed    | 16885    |
|    total_timesteps | 2800     |
| train/             |          |
|    actor_loss      | -3.27    |
|    critic_loss     | 0.00732  |
|    ent_coef        | 0.0331   |
|    ent_coef_loss   | 0.532    |
|    learning_rate   | 0.0007   |
|    n_updates       | 10796    |
---------------------------------
---------------------------------
| rollout/           |          |
|    ep_len_mean     | 1        |
|    ep_rew_mean     | 177      |
| time/              |          |
|    episodes        | 2804     |
|    fps             | 0        |
|    time_elapsed    | 16904    |
|    total_timesteps | 2804     |
| train/             |          |
|    actor_loss      | -3.27    |
|    critic_loss     | 0.00986  |
|    ent_coef        | 0.0332   |
|    ent_coef_loss   | 0.671    |
|    learning_rate   | 0.0007   |
|    n_updates       | 10812    |
---------------------------------
---------------------------------
| rollout/           |          |
|    ep_len_mean     | 1        |
|    ep_rew_mean     | 177      |
| time/              |          |
|    episodes        | 2808     |
|    fps             | 0        |
|    time_elapsed    | 16923    |
|    total_timesteps | 2808     |
| train/             |          |
|    actor_loss      | -3.27    |
|    critic_loss     | 0.0134   |
|    ent_coef        | 0.0333   |
|    ent_coef_loss   | 0.815    |
|    learning_rate   | 0.0007   |
|    n_updates       | 10828    |
---------------------------------
---------------------------------
| rollout/           |          |
|    ep_len_mean     | 1        |
|    ep_rew_mean     | 177      |
| time/              |          |
|    episodes        | 2812     |
|    fps             | 0        |
|    time_elapsed    | 16942    |
|    total_timesteps | 2812     |
| train/             |          |
|    actor_loss      | -3.27    |
|    critic_loss     | 0.0108   |
|    ent_coef        | 0.0334   |
|    ent_coef_loss   | 0.109    |
|    learning_rate   | 0.0007   |
|    n_updates       | 10844    |
---------------------------------
---------------------------------
| rollout/           |          |
|    ep_len_mean     | 1        |
|    ep_rew_mean     | 177      |
| time/              |          |
|    episodes        | 2816     |
|    fps             | 0        |
|    time_elapsed    | 16960    |
|    total_timesteps | 2816     |
| train/             |          |
|    actor_loss      | -3.28    |
|    critic_loss     | 0.00465  |
|    ent_coef        | 0.0334   |
|    ent_coef_loss   | 0.0994   |
|    learning_rate   | 0.0007   |
|    n_updates       | 10860    |
---------------------------------
---------------------------------
| rollout/           |          |
|    ep_len_mean     | 1        |
|    ep_rew_mean     | 177      |
| time/              |          |
|    episodes        | 2820     |
|    fps             | 0        |
|    time_elapsed    | 16978    |
|    total_timesteps | 2820     |
| train/             |          |
|    actor_loss      | -3.26    |
|    critic_loss     | 0.00571  |
|    ent_coef        | 0.0333   |
|    ent_coef_loss   | -0.453   |
|    learning_rate   | 0.0007   |
|    n_updates       | 10876    |
---------------------------------
---------------------------------
| rollout/           |          |
|    ep_len_mean     | 1        |
|    ep_rew_mean     | 177      |
| time/              |          |
|    episodes        | 2824     |
|    fps             | 0        |
|    time_elapsed    | 16997    |
|    total_timesteps | 2824     |
| train/             |          |
|    actor_loss      | -3.26    |
|    critic_loss     | 0.00969  |
|    ent_coef        | 0.0332   |
|    ent_coef_loss   | -0.386   |
|    learning_rate   | 0.0007   |
|    n_updates       | 10892    |
---------------------------------
---------------------------------
| rollout/           |          |
|    ep_len_mean     | 1        |
|    ep_rew_mean     | 179      |
| time/              |          |
|    episodes        | 2828     |
|    fps             | 0        |
|    time_elapsed    | 17015    |
|    total_timesteps | 2828     |
| train/             |          |
|    actor_loss      | -3.28    |
|    critic_loss     | 0.012    |
|    ent_coef        | 0.0333   |
|    ent_coef_loss   | -0.465   |
|    learning_rate   | 0.0007   |
|    n_updates       | 10908    |
---------------------------------
---------------------------------
| rollout/           |          |
|    ep_len_mean     | 1        |
|    ep_rew_mean     | 179      |
| time/              |          |
|    episodes        | 2832     |
|    fps             | 0        |
|    time_elapsed    | 17034    |
|    total_timesteps | 2832     |
| train/             |          |
|    actor_loss      | -3.29    |
|    critic_loss     | 0.00696  |
|    ent_coef        | 0.0333   |
|    ent_coef_loss   | 0.808    |
|    learning_rate   | 0.0007   |
|    n_updates       | 10924    |
---------------------------------
---------------------------------
| rollout/           |          |
|    ep_len_mean     | 1        |
|    ep_rew_mean     | 179      |
| time/              |          |
|    episodes        | 2836     |
|    fps             | 0        |
|    time_elapsed    | 17053    |
|    total_timesteps | 2836     |
| train/             |          |
|    actor_loss      | -3.27    |
|    critic_loss     | 0.00834  |
|    ent_coef        | 0.0335   |
|    ent_coef_loss   | -0.588   |
|    learning_rate   | 0.0007   |
|    n_updates       | 10940    |
---------------------------------
---------------------------------
| rollout/           |          |
|    ep_len_mean     | 1        |
|    ep_rew_mean     | 179      |
| time/              |          |
|    episodes        | 2840     |
|    fps             | 0        |
|    time_elapsed    | 17071    |
|    total_timesteps | 2840     |
| train/             |          |
|    actor_loss      | -3.28    |
|    critic_loss     | 0.00584  |
|    ent_coef        | 0.0335   |
|    ent_coef_loss   | -0.178   |
|    learning_rate   | 0.0007   |
|    n_updates       | 10956    |
---------------------------------
---------------------------------
| rollout/           |          |
|    ep_len_mean     | 1        |
|    ep_rew_mean     | 179      |
| time/              |          |
|    episodes        | 2844     |
|    fps             | 0        |
|    time_elapsed    | 17090    |
|    total_timesteps | 2844     |
| train/             |          |
|    actor_loss      | -3.3     |
|    critic_loss     | 0.0132   |
|    ent_coef        | 0.0336   |
|    ent_coef_loss   | -0.297   |
|    learning_rate   | 0.0007   |
|    n_updates       | 10972    |
---------------------------------
---------------------------------
| rollout/           |          |
|    ep_len_mean     | 1        |
|    ep_rew_mean     | 179      |
| time/              |          |
|    episodes        | 2848     |
|    fps             | 0        |
|    time_elapsed    | 17108    |
|    total_timesteps | 2848     |
| train/             |          |
|    actor_loss      | -3.27    |
|    critic_loss     | 0.00622  |
|    ent_coef        | 0.0335   |
|    ent_coef_loss   | 0.416    |
|    learning_rate   | 0.0007   |
|    n_updates       | 10988    |
---------------------------------
---------------------------------
| rollout/           |          |
|    ep_len_mean     | 1        |
|    ep_rew_mean     | 179      |
| time/              |          |
|    episodes        | 2852     |
|    fps             | 0        |
|    time_elapsed    | 17127    |
|    total_timesteps | 2852     |
| train/             |          |
|    actor_loss      | -3.29    |
|    critic_loss     | 0.0119   |
|    ent_coef        | 0.0335   |
|    ent_coef_loss   | -0.222   |
|    learning_rate   | 0.0007   |
|    n_updates       | 11004    |
---------------------------------
---------------------------------
| rollout/           |          |
|    ep_len_mean     | 1        |
|    ep_rew_mean     | 179      |
| time/              |          |
|    episodes        | 2856     |
|    fps             | 0        |
|    time_elapsed    | 17146    |
|    total_timesteps | 2856     |
| train/             |          |
|    actor_loss      | -3.3     |
|    critic_loss     | 0.00507  |
|    ent_coef        | 0.0336   |
|    ent_coef_loss   | -0.435   |
|    learning_rate   | 0.0007   |
|    n_updates       | 11020    |
---------------------------------
---------------------------------
| rollout/           |          |
|    ep_len_mean     | 1        |
|    ep_rew_mean     | 179      |
| time/              |          |
|    episodes        | 2860     |
|    fps             | 0        |
|    time_elapsed    | 17165    |
|    total_timesteps | 2860     |
| train/             |          |
|    actor_loss      | -3.28    |
|    critic_loss     | 0.00515  |
|    ent_coef        | 0.0337   |
|    ent_coef_loss   | 0.267    |
|    learning_rate   | 0.0007   |
|    n_updates       | 11036    |
---------------------------------
---------------------------------
| rollout/           |          |
|    ep_len_mean     | 1        |
|    ep_rew_mean     | 179      |
| time/              |          |
|    episodes        | 2864     |
|    fps             | 0        |
|    time_elapsed    | 17184    |
|    total_timesteps | 2864     |
| train/             |          |
|    actor_loss      | -3.29    |
|    critic_loss     | 0.00537  |
|    ent_coef        | 0.0337   |
|    ent_coef_loss   | -0.049   |
|    learning_rate   | 0.0007   |
|    n_updates       | 11052    |
---------------------------------
---------------------------------
| rollout/           |          |
|    ep_len_mean     | 1        |
|    ep_rew_mean     | 179      |
| time/              |          |
|    episodes        | 2868     |
|    fps             | 0        |
|    time_elapsed    | 17204    |
|    total_timesteps | 2868     |
| train/             |          |
|    actor_loss      | -3.29    |
|    critic_loss     | 0.011    |
|    ent_coef        | 0.0338   |
|    ent_coef_loss   | 0.103    |
|    learning_rate   | 0.0007   |
|    n_updates       | 11068    |
---------------------------------
---------------------------------
| rollout/           |          |
|    ep_len_mean     | 1        |
|    ep_rew_mean     | 179      |
| time/              |          |
|    episodes        | 2872     |
|    fps             | 0        |
|    time_elapsed    | 17224    |
|    total_timesteps | 2872     |
| train/             |          |
|    actor_loss      | -3.31    |
|    critic_loss     | 0.0061   |
|    ent_coef        | 0.0338   |
|    ent_coef_loss   | -0.879   |
|    learning_rate   | 0.0007   |
|    n_updates       | 11084    |
---------------------------------
---------------------------------
| rollout/           |          |
|    ep_len_mean     | 1        |
|    ep_rew_mean     | 179      |
| time/              |          |
|    episodes        | 2876     |
|    fps             | 0        |
|    time_elapsed    | 17244    |
|    total_timesteps | 2876     |
| train/             |          |
|    actor_loss      | -3.3     |
|    critic_loss     | 0.00821  |
|    ent_coef        | 0.0339   |
|    ent_coef_loss   | -0.329   |
|    learning_rate   | 0.0007   |
|    n_updates       | 11100    |
---------------------------------
---------------------------------
| rollout/           |          |
|    ep_len_mean     | 1        |
|    ep_rew_mean     | 179      |
| time/              |          |
|    episodes        | 2880     |
|    fps             | 0        |
|    time_elapsed    | 17265    |
|    total_timesteps | 2880     |
| train/             |          |
|    actor_loss      | -3.3     |
|    critic_loss     | 0.0119   |
|    ent_coef        | 0.0339   |
|    ent_coef_loss   | -0.192   |
|    learning_rate   | 0.0007   |
|    n_updates       | 11116    |
---------------------------------
---------------------------------
| rollout/           |          |
|    ep_len_mean     | 1        |
|    ep_rew_mean     | 179      |
| time/              |          |
|    episodes        | 2884     |
|    fps             | 0        |
|    time_elapsed    | 17287    |
|    total_timesteps | 2884     |
| train/             |          |
|    actor_loss      | -3.31    |
|    critic_loss     | 0.00386  |
|    ent_coef        | 0.0338   |
|    ent_coef_loss   | -0.00706 |
|    learning_rate   | 0.0007   |
|    n_updates       | 11132    |
---------------------------------
---------------------------------
| rollout/           |          |
|    ep_len_mean     | 1        |
|    ep_rew_mean     | 179      |
| time/              |          |
|    episodes        | 2888     |
|    fps             | 0        |
|    time_elapsed    | 17307    |
|    total_timesteps | 2888     |
| train/             |          |
|    actor_loss      | -3.31    |
|    critic_loss     | 0.0112   |
|    ent_coef        | 0.0338   |
|    ent_coef_loss   | -0.939   |
|    learning_rate   | 0.0007   |
|    n_updates       | 11148    |
---------------------------------
---------------------------------
| rollout/           |          |
|    ep_len_mean     | 1        |
|    ep_rew_mean     | 179      |
| time/              |          |
|    episodes        | 2892     |
|    fps             | 0        |
|    time_elapsed    | 17328    |
|    total_timesteps | 2892     |
| train/             |          |
|    actor_loss      | -3.31    |
|    critic_loss     | 0.00863  |
|    ent_coef        | 0.0338   |
|    ent_coef_loss   | -0.2     |
|    learning_rate   | 0.0007   |
|    n_updates       | 11164    |
---------------------------------
---------------------------------
| rollout/           |          |
|    ep_len_mean     | 1        |
|    ep_rew_mean     | 179      |
| time/              |          |
|    episodes        | 2896     |
|    fps             | 0        |
|    time_elapsed    | 17349    |
|    total_timesteps | 2896     |
| train/             |          |
|    actor_loss      | -3.31    |
|    critic_loss     | 0.00538  |
|    ent_coef        | 0.0338   |
|    ent_coef_loss   | 0.921    |
|    learning_rate   | 0.0007   |
|    n_updates       | 11180    |
---------------------------------
---------------------------------
| rollout/           |          |
|    ep_len_mean     | 1        |
|    ep_rew_mean     | 179      |
| time/              |          |
|    episodes        | 2900     |
|    fps             | 0        |
|    time_elapsed    | 17369    |
|    total_timesteps | 2900     |
| train/             |          |
|    actor_loss      | -3.29    |
|    critic_loss     | 0.00999  |
|    ent_coef        | 0.0339   |
|    ent_coef_loss   | -0.208   |
|    learning_rate   | 0.0007   |
|    n_updates       | 11196    |
---------------------------------
---------------------------------
| rollout/           |          |
|    ep_len_mean     | 1        |
|    ep_rew_mean     | 179      |
| time/              |          |
|    episodes        | 2904     |
|    fps             | 0        |
|    time_elapsed    | 17389    |
|    total_timesteps | 2904     |
| train/             |          |
|    actor_loss      | -3.33    |
|    critic_loss     | 0.0129   |
|    ent_coef        | 0.034    |
|    ent_coef_loss   | -0.14    |
|    learning_rate   | 0.0007   |
|    n_updates       | 11212    |
---------------------------------
---------------------------------
| rollout/           |          |
|    ep_len_mean     | 1        |
|    ep_rew_mean     | 179      |
| time/              |          |
|    episodes        | 2908     |
|    fps             | 0        |
|    time_elapsed    | 17410    |
|    total_timesteps | 2908     |
| train/             |          |
|    actor_loss      | -3.33    |
|    critic_loss     | 0.00565  |
|    ent_coef        | 0.0341   |
|    ent_coef_loss   | -1.01    |
|    learning_rate   | 0.0007   |
|    n_updates       | 11228    |
---------------------------------
---------------------------------
| rollout/           |          |
|    ep_len_mean     | 1        |
|    ep_rew_mean     | 179      |
| time/              |          |
|    episodes        | 2912     |
|    fps             | 0        |
|    time_elapsed    | 17430    |
|    total_timesteps | 2912     |
| train/             |          |
|    actor_loss      | -3.29    |
|    critic_loss     | 0.00807  |
|    ent_coef        | 0.034    |
|    ent_coef_loss   | 0.179    |
|    learning_rate   | 0.0007   |
|    n_updates       | 11244    |
---------------------------------
---------------------------------
| rollout/           |          |
|    ep_len_mean     | 1        |
|    ep_rew_mean     | 179      |
| time/              |          |
|    episodes        | 2916     |
|    fps             | 0        |
|    time_elapsed    | 17450    |
|    total_timesteps | 2916     |
| train/             |          |
|    actor_loss      | -3.31    |
|    critic_loss     | 0.00757  |
|    ent_coef        | 0.0339   |
|    ent_coef_loss   | -1.42    |
|    learning_rate   | 0.0007   |
|    n_updates       | 11260    |
---------------------------------
---------------------------------
| rollout/           |          |
|    ep_len_mean     | 1        |
|    ep_rew_mean     | 179      |
| time/              |          |
|    episodes        | 2920     |
|    fps             | 0        |
|    time_elapsed    | 17471    |
|    total_timesteps | 2920     |
| train/             |          |
|    actor_loss      | -3.32    |
|    critic_loss     | 0.0121   |
|    ent_coef        | 0.0339   |
|    ent_coef_loss   | -0.937   |
|    learning_rate   | 0.0007   |
|    n_updates       | 11276    |
---------------------------------
---------------------------------
| rollout/           |          |
|    ep_len_mean     | 1        |
|    ep_rew_mean     | 179      |
| time/              |          |
|    episodes        | 2924     |
|    fps             | 0        |
|    time_elapsed    | 17491    |
|    total_timesteps | 2924     |
| train/             |          |
|    actor_loss      | -3.33    |
|    critic_loss     | 0.00727  |
|    ent_coef        | 0.0339   |
|    ent_coef_loss   | -0.599   |
|    learning_rate   | 0.0007   |
|    n_updates       | 11292    |
---------------------------------
---------------------------------
| rollout/           |          |
|    ep_len_mean     | 1        |
|    ep_rew_mean     | 179      |
| time/              |          |
|    episodes        | 2928     |
|    fps             | 0        |
|    time_elapsed    | 17511    |
|    total_timesteps | 2928     |
| train/             |          |
|    actor_loss      | -3.32    |
|    critic_loss     | 0.00753  |
|    ent_coef        | 0.0338   |
|    ent_coef_loss   | 0.186    |
|    learning_rate   | 0.0007   |
|    n_updates       | 11308    |
---------------------------------
---------------------------------
| rollout/           |          |
|    ep_len_mean     | 1        |
|    ep_rew_mean     | 179      |
| time/              |          |
|    episodes        | 2932     |
|    fps             | 0        |
|    time_elapsed    | 17531    |
|    total_timesteps | 2932     |
| train/             |          |
|    actor_loss      | -3.34    |
|    critic_loss     | 0.00936  |
|    ent_coef        | 0.0337   |
|    ent_coef_loss   | 0.0484   |
|    learning_rate   | 0.0007   |
|    n_updates       | 11324    |
---------------------------------
---------------------------------
| rollout/           |          |
|    ep_len_mean     | 1        |
|    ep_rew_mean     | 179      |
| time/              |          |
|    episodes        | 2936     |
|    fps             | 0        |
|    time_elapsed    | 17551    |
|    total_timesteps | 2936     |
| train/             |          |
|    actor_loss      | -3.33    |
|    critic_loss     | 0.005    |
|    ent_coef        | 0.0336   |
|    ent_coef_loss   | 0.00195  |
|    learning_rate   | 0.0007   |
|    n_updates       | 11340    |
---------------------------------
---------------------------------
| rollout/           |          |
|    ep_len_mean     | 1        |
|    ep_rew_mean     | 179      |
| time/              |          |
|    episodes        | 2940     |
|    fps             | 0        |
|    time_elapsed    | 17571    |
|    total_timesteps | 2940     |
| train/             |          |
|    actor_loss      | -3.33    |
|    critic_loss     | 0.00677  |
|    ent_coef        | 0.0337   |
|    ent_coef_loss   | -0.556   |
|    learning_rate   | 0.0007   |
|    n_updates       | 11356    |
---------------------------------
---------------------------------
| rollout/           |          |
|    ep_len_mean     | 1        |
|    ep_rew_mean     | 179      |
| time/              |          |
|    episodes        | 2944     |
|    fps             | 0        |
|    time_elapsed    | 17591    |
|    total_timesteps | 2944     |
| train/             |          |
|    actor_loss      | -3.35    |
|    critic_loss     | 0.00453  |
|    ent_coef        | 0.0336   |
|    ent_coef_loss   | 0.878    |
|    learning_rate   | 0.0007   |
|    n_updates       | 11372    |
---------------------------------
---------------------------------
| rollout/           |          |
|    ep_len_mean     | 1        |
|    ep_rew_mean     | 179      |
| time/              |          |
|    episodes        | 2948     |
|    fps             | 0        |
|    time_elapsed    | 17612    |
|    total_timesteps | 2948     |
| train/             |          |
|    actor_loss      | -3.33    |
|    critic_loss     | 0.00886  |
|    ent_coef        | 0.0337   |
|    ent_coef_loss   | -0.182   |
|    learning_rate   | 0.0007   |
|    n_updates       | 11388    |
---------------------------------
---------------------------------
| rollout/           |          |
|    ep_len_mean     | 1        |
|    ep_rew_mean     | 179      |
| time/              |          |
|    episodes        | 2952     |
|    fps             | 0        |
|    time_elapsed    | 17632    |
|    total_timesteps | 2952     |
| train/             |          |
|    actor_loss      | -3.33    |
|    critic_loss     | 0.0128   |
|    ent_coef        | 0.0339   |
|    ent_coef_loss   | -0.404   |
|    learning_rate   | 0.0007   |
|    n_updates       | 11404    |
---------------------------------
---------------------------------
| rollout/           |          |
|    ep_len_mean     | 1        |
|    ep_rew_mean     | 179      |
| time/              |          |
|    episodes        | 2956     |
|    fps             | 0        |
|    time_elapsed    | 17652    |
|    total_timesteps | 2956     |
| train/             |          |
|    actor_loss      | -3.35    |
|    critic_loss     | 0.00994  |
|    ent_coef        | 0.0338   |
|    ent_coef_loss   | 0.0936   |
|    learning_rate   | 0.0007   |
|    n_updates       | 11420    |
---------------------------------
---------------------------------
| rollout/           |          |
|    ep_len_mean     | 1        |
|    ep_rew_mean     | 179      |
| time/              |          |
|    episodes        | 2960     |
|    fps             | 0        |
|    time_elapsed    | 17672    |
|    total_timesteps | 2960     |
| train/             |          |
|    actor_loss      | -3.34    |
|    critic_loss     | 0.00438  |
|    ent_coef        | 0.0338   |
|    ent_coef_loss   | -1.37    |
|    learning_rate   | 0.0007   |
|    n_updates       | 11436    |
---------------------------------
---------------------------------
| rollout/           |          |
|    ep_len_mean     | 1        |
|    ep_rew_mean     | 179      |
| time/              |          |
|    episodes        | 2964     |
|    fps             | 0        |
|    time_elapsed    | 17693    |
|    total_timesteps | 2964     |
| train/             |          |
|    actor_loss      | -3.35    |
|    critic_loss     | 0.0074   |
|    ent_coef        | 0.0337   |
|    ent_coef_loss   | 0.0498   |
|    learning_rate   | 0.0007   |
|    n_updates       | 11452    |
---------------------------------
---------------------------------
| rollout/           |          |
|    ep_len_mean     | 1        |
|    ep_rew_mean     | 179      |
| time/              |          |
|    episodes        | 2968     |
|    fps             | 0        |
|    time_elapsed    | 17713    |
|    total_timesteps | 2968     |
| train/             |          |
|    actor_loss      | -3.35    |
|    critic_loss     | 0.00614  |
|    ent_coef        | 0.0337   |
|    ent_coef_loss   | -0.505   |
|    learning_rate   | 0.0007   |
|    n_updates       | 11468    |
---------------------------------
---------------------------------
| rollout/           |          |
|    ep_len_mean     | 1        |
|    ep_rew_mean     | 179      |
| time/              |          |
|    episodes        | 2972     |
|    fps             | 0        |
|    time_elapsed    | 17733    |
|    total_timesteps | 2972     |
| train/             |          |
|    actor_loss      | -3.34    |
|    critic_loss     | 0.0118   |
|    ent_coef        | 0.0337   |
|    ent_coef_loss   | 0.549    |
|    learning_rate   | 0.0007   |
|    n_updates       | 11484    |
---------------------------------
---------------------------------
| rollout/           |          |
|    ep_len_mean     | 1        |
|    ep_rew_mean     | 179      |
| time/              |          |
|    episodes        | 2976     |
|    fps             | 0        |
|    time_elapsed    | 17754    |
|    total_timesteps | 2976     |
| train/             |          |
|    actor_loss      | -3.35    |
|    critic_loss     | 0.00842  |
|    ent_coef        | 0.0338   |
|    ent_coef_loss   | 0.189    |
|    learning_rate   | 0.0007   |
|    n_updates       | 11500    |
---------------------------------
---------------------------------
| rollout/           |          |
|    ep_len_mean     | 1        |
|    ep_rew_mean     | 177      |
| time/              |          |
|    episodes        | 2980     |
|    fps             | 0        |
|    time_elapsed    | 17810    |
|    total_timesteps | 2980     |
| train/             |          |
|    actor_loss      | -3.34    |
|    critic_loss     | 0.00923  |
|    ent_coef        | 0.0337   |
|    ent_coef_loss   | -0.148   |
|    learning_rate   | 0.0007   |
|    n_updates       | 11516    |
---------------------------------
---------------------------------
| rollout/           |          |
|    ep_len_mean     | 1        |
|    ep_rew_mean     | 177      |
| time/              |          |
|    episodes        | 2984     |
|    fps             | 0        |
|    time_elapsed    | 17830    |
|    total_timesteps | 2984     |
| train/             |          |
|    actor_loss      | -3.35    |
|    critic_loss     | 0.00398  |
|    ent_coef        | 0.0338   |
|    ent_coef_loss   | 1.14     |
|    learning_rate   | 0.0007   |
|    n_updates       | 11532    |
---------------------------------
---------------------------------
| rollout/           |          |
|    ep_len_mean     | 1        |
|    ep_rew_mean     | 177      |
| time/              |          |
|    episodes        | 2988     |
|    fps             | 0        |
|    time_elapsed    | 17850    |
|    total_timesteps | 2988     |
| train/             |          |
|    actor_loss      | -3.35    |
|    critic_loss     | 0.0328   |
|    ent_coef        | 0.034    |
|    ent_coef_loss   | 0.38     |
|    learning_rate   | 0.0007   |
|    n_updates       | 11548    |
---------------------------------
---------------------------------
| rollout/           |          |
|    ep_len_mean     | 1        |
|    ep_rew_mean     | 177      |
| time/              |          |
|    episodes        | 2992     |
|    fps             | 0        |
|    time_elapsed    | 17871    |
|    total_timesteps | 2992     |
| train/             |          |
|    actor_loss      | -3.36    |
|    critic_loss     | 0.00851  |
|    ent_coef        | 0.0341   |
|    ent_coef_loss   | 0.197    |
|    learning_rate   | 0.0007   |
|    n_updates       | 11564    |
---------------------------------
---------------------------------
| rollout/           |          |
|    ep_len_mean     | 1        |
|    ep_rew_mean     | 177      |
| time/              |          |
|    episodes        | 2996     |
|    fps             | 0        |
|    time_elapsed    | 17891    |
|    total_timesteps | 2996     |
| train/             |          |
|    actor_loss      | -3.33    |
|    critic_loss     | 0.0141   |
|    ent_coef        | 0.0341   |
|    ent_coef_loss   | -0.77    |
|    learning_rate   | 0.0007   |
|    n_updates       | 11580    |
---------------------------------
---------------------------------
| rollout/           |          |
|    ep_len_mean     | 1        |
|    ep_rew_mean     | 177      |
| time/              |          |
|    episodes        | 3000     |
|    fps             | 0        |
|    time_elapsed    | 17911    |
|    total_timesteps | 3000     |
| train/             |          |
|    actor_loss      | -3.34    |
|    critic_loss     | 0.0141   |
|    ent_coef        | 0.0341   |
|    ent_coef_loss   | -0.176   |
|    learning_rate   | 0.0007   |
|    n_updates       | 11596    |
---------------------------------
 100% ━━━━━━━━━━━━━━━━━━━━━━━━━━━━━━ 3,000/3,000  [ 4:58:31 < 0:00:00 , 0 it/s ]
/home/xp/miniconda3/lib/python3.8/site-packages/gymnasium/spaces/box.py:235: UserWarning: [33mWARN: Box low's precision lowered by casting to float32, current low.dtype=float64[0m
  gym.logger.warn(
/home/xp/miniconda3/lib/python3.8/site-packages/gymnasium/spaces/box.py:305: UserWarning: [33mWARN: Box high's precision lowered by casting to float32, current high.dtype=float64[0m
  gym.logger.warn(
训练及环境归一化状态保存完成。
